SurfaceType,RainfallIntensity,init_max_hour,DrainageSystemCapacity,GreenSpaceRatio,ObservationIndex
D,5,3,0.11,0.11,0
B,5,4,0.2,0.29,1
A,2,5,0.15,0.25,2
A,2,4,0.25,0.25,3
C,4,5,0.16,0.18,4
C,2,3,0.27,0.26,5
C,2,3,0.16,0.23,6
C,4,5,0.24,0.21,7
D,3,4,0.2,0.24,8
C,2,5,0.25,0.21,9
B,3,4,0.25,0.24,10
B,5,3,0.23,0.19,11
A,2,5,0.3,0.18,12
A,5,4,0.16,0.17,13
C,2,4,0.18,0.23,14
B,5,3,0.22,0.19,15
A,2,4,0.19,0.13,16
A,3,3,0.29,0.23,17
D,5,5,0.17,0.26,18
A,3,5,0.16,0.11,19
D,5,5,0.21,0.18,20
D,5,3,0.25,0.29,21
D,5,5,0.11,0.17,22
B,2,3,0.25,0.26,23
C,5,5,0.21,0.14,24
C,4,3,0.29,0.25,25
C,5,5,0.24,0.16,26
A,4,4,0.13,0.13,27
D,3,3,0.16,0.13,28
B,4,5,0.23,0.2,29
A,5,4,0.17,0.12,30
B,2,3,0.11,0.13,31
D,5,4,0.12,0.13,32
C,3,5,0.16,0.28,33
A,4,5,0.22,0.26,34
A,4,3,0.29,0.3,35
C,3,5,0.25,0.23,36
C,5,3,0.16,0.26,37
A,4,5,0.23,0.15,38
A,2,3,0.21,0.15,39
B,3,5,0.17,0.23,40
C,5,3,0.3,0.27,41
D,5,3,0.15,0.15,42
B,3,5,0.2,0.13,43
A,2,3,0.18,0.25,44
A,3,4,0.23,0.14,45
D,4,3,0.13,0.11,46
B,2,3,0.18,0.18,47
C,2,5,0.28,0.13,48
B,2,4,0.11,0.24,49
A,2,5,0.2,0.27,50
C,5,4,0.16,0.23,51
D,3,5,0.18,0.12,52
C,3,4,0.16,0.17,53
D,5,3,0.19,0.3,54
C,5,4,0.18,0.26,55
C,5,5,0.18,0.3,56
C,5,3,0.27,0.11,57
B,2,5,0.22,0.13,58
C,2,5,0.13,0.16,59
D,4,4,0.17,0.2,60
B,3,4,0.25,0.15,61
B,4,5,0.24,0.21,62
D,2,3,0.29,0.2,63
A,5,3,0.24,0.23,64
B,3,3,0.18,0.16,65
C,3,5,0.21,0.29,66
B,3,3,0.28,0.28,67
D,3,5,0.29,0.26,68
B,4,3,0.15,0.22,69
C,2,3,0.25,0.25,70
B,2,5,0.14,0.13,71
C,2,5,0.19,0.13,72
A,3,4,0.12,0.12,73
A,4,3,0.13,0.3,74
B,4,5,0.15,0.26,75
B,4,5,0.28,0.11,76
C,2,5,0.25,0.17,77
B,2,4,0.22,0.13,78
B,-999,3,0.11,0.27,79
B,5,3,0.23,0.23,80
C,4,3,0.14,0.2,81
D,2,4,0.25,0.27,82
D,5,3,0.23,0.26,83
C,3,3,0.26,0.3,84
A,4,3,0.21,0.16,85
A,5,5,0.28,0.2,86
C,2,4,0.1,0.26,87
C,5,5,0.28,0.18,88
B,3,5,0.26,0.21,89
B,2,4,0.24,0.24,90
B,4,5,0.29,0.1,91
A,3,3,0.27,0.2,92
A,3,3,0.25,0.25,93
C,5,4,0.12,0.26,94
C,3,5,0.27,0.22,95
A,5,3,0.15,0.14,96
A,5,3,0.26,0.29,97
B,3,3,0.12,0.16,98
B,3,4,0.17,0.17,99
B,3,3,0.2,0.12,100
C,3,4,0.28,0.2,101
B,5,5,0.27,0.17,102
C,3,5,0.25,0.24,103
B,2,3,0.19,0.15,104
C,3,4,0.13,0.2,105
A,5,3,0.28,0.11,106
B,3,5,0.28,0.16,107
A,5,3,0.11,0.15,108
B,3,3,0.13,0.24,109
D,5,3,0.15,0.11,110
A,4,5,0.1,0.27,111
B,2,3,0.17,0.1,112
C,5,4,0.16,0.15,113
C,4,3,0.18,0.26,114
A,5,4,0.19,0.2,115
D,4,4,0.18,0.12,116
D,3,4,0.29,0.25,117
C,5,3,0.14,0.16,118
D,3,5,0.25,0.14,119
D,4,3,0.2,0.14,120
B,4,3,0.21,0.28,121
B,3,3,0.13,0.17,122
C,3,4,0.15,0.16,123
A,4,5,0.17,0.28,124
C,3,3,0.2,0.19,125
C,2,5,0.22,0.21,126
B,5,4,0.13,0.13,127
A,5,3,0.12,0.27,128
A,2,4,0.16,0.14,129
B,4,3,0.18,0.28,130
B,3,4,0.22,0.12,131
A,2,3,0.14,0.16,132
A,3,4,0.18,0.19,133
A,5,3,0.24,0.11,134
A,2,5,0.16,0.15,135
A,4,5,0.15,0.19,136
D,4,5,0.24,0.28,137
B,4,3,0.15,0.24,138
A,5,4,0.14,0.25,139
D,4,3,0.24,0.11,140
C,-999,5,0.19,0.18,141
A,5,5,0.17,0.21,142
A,5,3,0.3,0.13,143
C,4,3,0.2,0.16,144
B,3,5,0.2,0.23,145
D,3,5,0.29,0.29,146
B,2,4,0.15,0.28,147
C,2,4,0.27,0.28,148
C,3,5,0.2,0.29,149
A,5,3,0.12,0.24,150
B,3,5,0.14,0.12,151
B,3,5,0.26,0.29,152
C,4,3,0.2,0.2,153
B,3,5,0.26,0.25,154
D,3,3,0.2,0.22,155
C,4,3,0.19,0.12,156
A,5,5,0.3,0.27,157
C,2,5,0.25,0.29,158
C,5,5,0.11,0.29,159
B,2,3,0.17,0.17,160
D,4,3,0.19,0.1,161
C,3,5,0.14,0.19,162
B,2,3,0.23,0.14,163
C,4,4,0.11,0.22,164
C,3,4,0.16,0.21,165
B,4,4,0.22,0.21,166
A,2,4,0.24,0.25,167
B,5,5,0.29,0.11,168
D,5,5,0.18,0.28,169
B,4,4,0.17,0.11,170
C,2,3,0.26,0.11,171
D,5,3,0.3,0.24,172
C,3,5,0.22,0.21,173
D,4,4,0.21,0.22,174
C,4,3,0.23,0.27,175
D,5,5,0.2,0.18,176
D,3,5,0.25,0.18,177
D,4,5,0.28,0.12,178
D,2,5,0.11,0.12,179
B,4,3,0.11,0.22,180
B,4,4,0.12,0.11,181
A,4,4,0.17,0.16,182
C,3,3,0.24,0.14,183
D,3,4,0.22,0.3,184
B,2,5,0.21,0.15,185
B,5,5,0.15,0.24,186
A,2,5,0.24,0.17,187
A,4,3,0.14,0.3,188
C,3,3,0.17,0.21,189
D,3,4,0.21,0.13,190
D,5,5,0.2,0.28,191
A,4,4,0.15,0.15,192
B,3,5,0.25,0.26,193
C,3,5,0.18,0.2,194
D,2,3,0.19,0.11,195
B,5,4,0.13,0.19,196
D,2,4,0.1,0.14,197
B,2,5,0.14,0.18,198
D,3,3,0.12,0.3,199
B,2,3,0.2,0.27,200
B,4,5,0.2,0.18,201
A,3,5,0.28,0.24,202
B,3,5,0.17,0.29,203
D,4,5,0.16,0.15,204
A,4,3,0.25,0.17,205
C,3,4,0.11,0.17,206
D,5,5,0.3,0.22,207
C,4,4,0.25,0.12,208
A,3,4,0.27,0.12,209
A,2,4,0.18,0.23,210
D,4,5,0.22,0.17,211
B,3,4,0.27,0.25,212
C,3,3,0.14,0.29,213
B,2,4,0.26,0.28,214
D,4,4,0.2,0.23,215
A,2,5,0.25,0.14,216
A,4,5,0.29,0.11,217
B,2,3,0.22,0.11,218
A,3,4,0.21,0.15,219
A,3,4,0.21,0.21,220
D,3,5,0.23,0.23,221
D,5,3,0.2,0.29,222
B,4,4,0.12,0.27,223
B,4,4,0.19,0.27,224
D,2,4,0.18,0.11,225
C,4,4,0.25,0.16,226
D,2,4,0.26,0.28,227
D,2,4,0.17,0.14,228
B,2,4,0.17,0.1,229
A,2,3,0.14,0.13,230
C,4,5,0.19,0.22,231
C,4,4,0.11,0.27,232
C,4,4,0.22,0.22,233
B,3,5,0.27,0.3,234
C,2,3,0.3,0.26,235
D,2,4,0.3,0.27,236
B,5,4,0.22,0.25,237
B,3,4,0.19,0.11,238
B,3,4,0.24,0.14,239
D,2,3,0.12,0.19,240
C,5,5,0.28,0.12,241
A,5,4,0.15,0.22,242
B,4,5,0.15,0.25,243
B,3,5,0.11,0.26,244
C,4,5,0.2,0.25,245
B,2,4,0.27,0.11,246
C,3,4,0.25,0.15,247
B,2,4,0.24,0.16,248
B,2,4,0.19,0.21,249
B,4,4,0.13,0.29,250
B,3,4,0.13,0.16,251
C,4,3,0.22,0.26,252
A,3,5,0.19,0.12,253
A,2,5,0.18,0.17,254
A,3,5,0.29,0.17,255
B,5,4,0.29,0.29,256
A,4,3,0.18,0.13,257
A,2,5,0.11,0.23,258
D,2,5,0.15,0.24,259
A,4,5,0.25,0.18,260
C,3,4,0.12,0.21,261
C,5,5,0.26,0.26,262
C,3,4,0.23,0.15,263
B,5,3,0.27,0.25,264
B,4,3,0.17,0.29,265
A,2,5,0.13,0.26,266
A,2,5,0.11,0.16,267
D,4,4,0.19,0.2,268
D,5,4,0.23,0.14,269
A,4,5,0.16,0.26,270
C,2,4,0.28,0.17,271
C,5,5,0.23,0.23,272
A,5,4,0.2,0.19,273
A,2,5,0.1,0.28,274
D,2,5,0.19,0.27,275
A,5,3,0.26,0.27,276
A,5,5,0.1,0.18,277
B,4,5,0.27,0.12,278
A,3,4,0.12,0.16,279
A,3,4,0.19,0.15,280
C,2,5,0.1,0.24,281
A,5,5,0.29,0.16,282
A,4,3,0.11,0.2,283
A,2,3,0.22,0.13,284
D,4,3,0.21,0.2,285
D,5,5,0.26,0.28,286
A,3,4,0.19,0.27,287
A,3,5,0.23,0.24,288
D,5,3,0.23,0.28,289
B,3,4,0.12,0.28,290
B,3,4,0.23,0.17,291
D,5,3,0.23,0.15,292
D,3,5,0.18,0.29,293
B,2,5,0.27,0.21,294
A,4,3,0.16,0.27,295
A,2,5,0.18,0.2,296
C,2,5,0.12,0.27,297
A,4,4,0.13,0.11,298
C,3,3,0.13,0.13,299
B,4,4,0.12,0.14,300
A,3,3,0.19,0.14,301
C,2,4,0.12,0.25,302
B,4,5,0.12,0.17,303
B,2,4,0.18,0.24,304
A,2,5,0.19,0.15,305
B,4,3,0.25,0.22,306
D,5,5,0.21,0.18,307
A,4,5,0.16,0.2,308
A,4,3,0.17,0.12,309
B,5,3,0.26,0.23,310
D,2,5,0.15,0.21,311
A,2,4,0.12,0.27,312
D,2,5,0.28,0.21,313
D,4,5,0.2,0.13,314
C,5,3,0.28,0.21,315
D,4,4,0.25,0.12,316
A,5,3,0.28,0.12,317
A,2,5,0.12,0.27,318
A,4,4,0.21,0.14,319
D,2,4,0.12,0.26,320
D,5,5,0.14,0.23,321
C,3,4,0.25,0.29,322
A,5,3,0.19,0.13,323
C,5,5,0.16,0.15,324
D,5,5,0.11,0.15,325
C,2,4,0.15,0.11,326
B,5,4,0.16,0.19,327
C,4,5,0.26,0.18,328
B,5,3,0.16,0.19,329
B,4,4,0.28,0.29,330
D,4,5,0.19,0.27,331
B,5,5,0.22,0.1,332
B,4,4,0.23,0.16,333
A,3,4,0.25,0.2,334
A,2,5,0.28,0.18,335
A,3,4,0.2,0.26,336
D,5,5,0.23,0.11,337
C,4,3,0.17,0.11,338
D,5,3,0.14,0.28,339
A,4,3,0.16,0.19,340
C,5,4,0.12,0.16,341
B,2,3,0.18,0.14,342
C,4,3,0.18,0.19,343
D,4,5,0.23,0.23,344
A,2,3,0.15,0.24,345
A,5,4,0.14,0.26,346
A,3,3,0.19,0.29,347
D,3,4,0.29,0.23,348
D,2,5,0.24,0.2,349
D,5,3,0.17,0.11,350
B,5,3,0.11,0.15,351
D,5,4,0.12,0.1,352
C,4,5,0.3,0.29,353
D,2,3,0.13,0.26,354
C,3,4,0.17,0.15,355
A,2,4,0.21,0.26,356
B,4,4,0.18,0.22,357
B,4,5,0.18,0.24,358
B,3,3,0.16,0.15,359
C,5,4,0.1,0.28,360
A,2,5,0.23,0.26,361
A,2,3,0.23,0.28,362
A,2,3,0.22,0.13,363
A,5,4,0.18,0.18,364
C,4,5,0.2,0.21,365
D,4,3,0.16,0.3,366
B,3,5,0.23,0.18,367
D,2,5,0.1,0.24,368
A,4,5,0.28,0.24,369
C,4,5,0.27,0.28,370
B,5,5,0.18,0.27,371
C,5,3,0.15,0.24,372
B,3,5,0.16,0.19,373
D,3,5,0.23,0.29,374
C,2,5,0.26,0.11,375
B,3,3,0.13,0.28,376
D,5,5,0.23,0.17,377
A,2,5,0.23,0.18,378
C,3,5,0.26,0.28,379
D,3,4,0.29,0.16,380
D,3,3,0.19,0.24,381
D,3,3,0.24,0.21,382
B,5,5,0.1,0.15,383
D,2,4,0.28,0.13,384
C,5,4,0.19,0.16,385
B,4,4,0.21,0.28,386
D,4,3,0.18,0.11,387
C,2,4,0.11,0.14,388
B,2,5,0.24,0.23,389
D,3,5,0.28,0.13,390
D,4,5,0.25,0.24,391
A,3,5,0.13,0.18,392
B,3,4,0.25,0.2,393
D,2,3,0.23,0.18,394
B,3,4,0.13,0.17,395
C,3,4,0.21,0.22,396
A,5,5,0.26,0.11,397
B,2,4,0.13,0.26,398
C,4,4,0.19,0.22,399
C,5,4,0.15,0.2,400
C,4,5,0.19,0.26,401
D,4,3,0.16,0.29,402
B,3,4,0.22,0.14,403
B,2,4,0.12,0.21,404
B,3,4,0.17,0.15,405
C,5,5,0.22,0.21,406
B,2,3,0.22,0.21,407
B,5,3,0.23,0.28,408
D,4,4,0.13,0.24,409
B,4,4,0.25,0.12,410
C,2,4,0.19,0.16,411
B,4,5,0.24,0.19,412
B,2,4,0.19,0.19,413
C,5,4,0.16,0.11,414
C,4,4,0.12,0.29,415
D,3,5,0.12,0.28,416
A,5,3,0.15,0.12,417
C,4,5,0.23,0.24,418
C,2,5,0.21,0.15,419
B,5,4,0.28,0.2,420
D,5,3,0.12,0.17,421
A,5,3,0.14,0.22,422
D,4,5,0.23,0.17,423
B,5,5,0.27,0.15,424
D,4,3,0.27,0.21,425
D,2,4,0.22,0.14,426
B,5,4,0.21,0.14,427
B,5,5,0.22,0.16,428
C,2,5,0.21,0.14,429
B,4,3,0.2,0.17,430
C,4,3,0.14,0.18,431
B,4,3,0.18,0.18,432
C,5,4,0.12,0.23,433
C,4,5,0.15,0.2,434
C,2,4,0.11,0.22,435
C,3,5,0.24,0.17,436
B,2,4,0.15,0.13,437
C,4,4,0.16,0.25,438
B,5,4,0.19,0.11,439
C,3,5,0.2,0.11,440
A,3,5,0.18,0.12,441
C,4,5,0.24,0.26,442
C,3,3,0.24,0.24,443
C,4,4,0.18,0.1,444
A,5,4,0.11,0.27,445
C,3,4,0.23,0.18,446
B,4,5,0.12,0.29,447
D,4,4,0.22,0.28,448
B,4,5,0.19,0.14,449
C,3,3,0.12,0.14,450
B,5,3,0.19,0.17,451
C,2,3,0.17,0.16,452
D,5,4,0.21,0.25,453
C,2,4,0.11,0.16,454
C,3,4,0.12,0.29,455
D,3,5,0.22,0.23,456
D,4,4,0.11,0.25,457
C,3,3,0.18,0.11,458
A,3,3,0.15,0.18,459
C,4,3,0.21,0.24,460
B,2,5,0.23,0.26,461
A,2,4,0.21,0.15,462
A,4,4,0.19,0.3,463
B,5,3,0.25,0.18,464
D,2,3,0.11,0.14,465
B,3,5,0.14,0.14,466
A,5,5,0.19,0.24,467
D,2,4,0.24,0.18,468
D,3,5,0.27,0.23,469
B,5,5,0.2,0.2,470
B,2,4,0.13,0.18,471
A,3,3,0.27,0.25,472
A,3,3,0.3,0.2,473
A,3,5,0.2,0.21,474
C,5,3,0.26,0.25,475
A,3,3,0.15,0.15,476
A,3,5,0.13,0.14,477
A,4,4,0.21,0.22,478
D,5,5,0.11,0.24,479
D,5,4,0.16,0.13,480
D,3,4,0.27,0.21,481
B,3,4,0.25,0.18,482
B,4,3,0.18,0.14,483
A,3,4,0.15,0.22,484
C,2,4,0.29,0.18,485
D,2,3,0.17,0.3,486
B,5,5,0.18,0.15,487
C,2,3,0.13,0.13,488
C,5,3,0.18,0.28,489
D,5,5,0.21,0.24,490
C,5,5,0.13,0.3,491
D,3,5,0.29,0.15,492
B,3,4,0.29,0.28,493
C,5,4,0.22,0.13,494
B,5,5,0.25,0.27,495
D,3,3,0.23,0.29,496
D,4,5,0.2,0.2,497
C,5,3,0.19,0.23,498
B,4,4,0.17,0.22,499
B,2,3,0.21,0.18,500
B,2,4,0.27,0.13,501
C,2,4,0.29,0.14,502
B,4,5,0.19,0.26,503
C,3,4,0.25,0.27,504
C,2,3,0.22,0.29,505
B,4,4,0.11,0.19,506
B,5,3,0.16,0.29,507
D,2,5,0.17,0.14,508
D,4,4,0.14,0.26,509
C,3,5,0.28,0.24,510
A,3,3,0.25,0.29,511
B,5,3,0.24,0.22,512
A,4,5,0.15,0.26,513
A,2,5,0.24,0.21,514
B,5,5,0.17,0.28,515
B,5,4,0.18,0.22,516
B,4,3,0.16,0.23,517
D,4,3,0.13,0.17,518
B,5,5,0.26,0.11,519
A,5,5,0.1,0.18,520
D,4,3,0.22,0.25,521
D,5,4,0.24,0.19,522
B,4,4,0.11,0.2,523
B,2,4,0.14,0.14,524
A,4,5,0.24,0.25,525
A,4,5,0.17,0.24,526
A,5,3,0.18,0.28,527
D,2,3,0.18,0.11,528
C,5,3,0.2,0.14,529
B,3,3,0.26,0.17,530
B,5,5,0.16,0.17,531
A,4,3,0.1,0.1,532
D,3,5,0.12,0.19,533
A,4,3,0.17,0.11,534
C,3,5,0.29,0.29,535
C,3,3,0.26,0.24,536
A,2,5,0.11,0.23,537
B,2,3,0.27,0.28,538
B,4,5,0.3,0.28,539
A,3,4,0.16,0.13,540
D,4,3,0.11,0.25,541
C,3,5,0.19,0.15,542
A,4,3,0.29,0.26,543
C,3,4,0.16,0.29,544
A,4,3,0.11,0.17,545
B,4,3,0.25,0.29,546
B,3,4,0.18,0.26,547
C,2,3,0.27,0.24,548
B,2,5,0.23,0.27,549
A,2,4,0.24,0.29,550
A,4,4,0.2,0.12,551
D,4,5,0.17,0.2,552
C,2,5,0.23,0.12,553
B,3,5,0.12,0.28,554
D,4,3,0.12,0.16,555
D,3,3,0.27,0.11,556
A,5,3,0.14,0.17,557
C,2,5,0.13,0.11,558
D,4,3,0.16,0.11,559
B,3,4,0.22,0.27,560
A,5,4,0.2,0.25,561
B,3,3,0.24,0.25,562
A,3,4,0.15,0.17,563
C,5,4,0.15,0.28,564
C,5,5,0.28,0.23,565
A,2,3,0.12,0.22,566
C,3,3,0.24,0.27,567
D,2,3,0.27,0.25,568
B,3,4,0.22,0.21,569
B,3,3,0.1,0.15,570
B,5,5,0.26,0.13,571
B,4,3,0.14,0.27,572
C,5,4,0.17,0.25,573
D,3,4,0.27,0.27,574
C,2,3,0.12,0.15,575
D,2,4,0.2,0.11,576
A,3,4,0.19,0.16,577
D,4,4,0.17,0.18,578
C,2,5,0.24,0.25,579
A,5,4,0.1,0.1,580
A,3,5,0.24,0.19,581
C,3,3,0.22,0.27,582
C,2,5,0.1,0.27,583
A,3,5,0.21,0.2,584
D,4,3,0.27,0.26,585
B,4,5,0.16,0.15,586
C,4,3,0.23,0.11,587
D,3,3,0.23,0.24,588
B,5,3,0.25,0.21,589
C,4,3,0.26,0.25,590
D,2,5,0.11,0.13,591
B,3,3,0.2,0.29,592
B,4,4,0.15,0.13,593
C,3,4,0.18,0.16,594
A,2,5,0.23,0.23,595
B,4,5,0.12,0.19,596
A,3,4,0.23,0.25,597
A,2,5,0.25,0.27,598
C,3,4,0.23,0.26,599
A,2,4,0.18,0.29,600
B,2,4,0.17,0.13,601
D,3,3,0.14,0.18,602
C,3,3,0.23,0.14,603
A,5,3,0.18,0.25,604
B,5,4,0.22,0.28,605
D,5,4,0.26,0.15,606
D,3,5,0.15,0.21,607
B,5,4,0.24,0.23,608
C,2,5,0.2,0.27,609
A,5,3,0.2,0.3,610
D,2,5,0.14,0.2,611
C,5,4,0.17,0.28,612
C,4,3,0.15,0.12,613
D,5,4,0.16,0.11,614
D,4,5,0.23,0.25,615
A,3,4,0.22,0.29,616
C,3,5,0.17,0.27,617
D,2,3,0.26,0.12,618
A,5,4,0.29,0.11,619
D,3,5,0.26,0.23,620
D,5,3,0.17,0.22,621
D,3,3,0.25,0.26,622
D,4,4,0.15,0.12,623
D,5,5,0.16,0.11,624
D,4,3,0.28,0.29,625
A,2,4,0.11,0.15,626
B,3,5,0.16,0.16,627
A,2,5,0.21,0.15,628
B,3,4,0.18,0.2,629
D,3,4,0.3,0.14,630
B,2,4,0.3,0.26,631
A,4,3,0.14,0.12,632
B,5,3,0.29,0.14,633
C,5,5,0.13,0.14,634
C,4,5,0.12,0.3,635
B,4,4,0.22,0.2,636
D,3,4,0.1,0.15,637
B,5,5,0.15,0.2,638
A,3,4,0.1,0.25,639
B,2,5,0.24,0.12,640
C,4,3,0.14,0.25,641
D,3,3,0.29,0.17,642
A,3,5,0.18,0.13,643
B,5,5,0.14,0.16,644
B,2,4,0.25,0.14,645
A,3,3,0.17,0.11,646
C,2,3,0.19,0.3,647
B,2,5,0.26,0.2,648
B,2,3,0.24,0.3,649
B,4,5,0.14,0.13,650
A,4,5,0.28,0.19,651
D,5,3,0.13,0.19,652
C,4,4,0.25,0.26,653
D,3,4,0.28,0.13,654
D,4,5,0.18,0.24,655
D,4,5,0.11,0.12,656
B,4,5,0.27,0.1,657
C,2,3,0.14,0.28,658
A,4,3,0.12,0.1,659
C,2,4,0.28,0.27,660
B,2,3,0.13,0.27,661
C,2,5,0.11,0.21,662
B,2,3,0.12,0.25,663
D,4,5,0.11,0.11,664
B,2,3,0.24,0.28,665
A,2,3,0.29,0.22,666
A,4,3,0.17,0.2,667
C,5,5,0.29,0.12,668
D,4,4,0.2,0.23,669
C,3,3,0.26,0.26,670
B,5,4,0.23,0.27,671
B,3,4,0.14,0.17,672
B,2,4,0.28,0.22,673
B,2,5,0.13,0.19,674
D,4,3,0.17,0.14,675
A,3,3,0.14,0.2,676
B,2,5,0.26,0.13,677
C,5,3,0.17,0.19,678
C,4,5,0.3,0.16,679
D,2,5,0.3,0.11,680
C,3,5,0.21,0.28,681
C,3,3,0.14,0.18,682
A,3,4,0.23,0.21,683
C,5,4,0.21,0.23,684
C,2,5,0.23,0.11,685
C,2,3,0.2,0.1,686
D,4,3,0.14,0.19,687
C,5,5,0.15,0.21,688
C,4,5,0.19,0.11,689
D,3,4,0.17,0.24,690
B,4,4,0.12,0.11,691
A,3,3,0.16,0.12,692
C,4,4,0.27,0.23,693
C,3,4,0.13,0.18,694
C,5,5,0.2,0.22,695
C,4,4,0.2,0.27,696
D,2,4,0.27,0.22,697
A,2,5,0.22,0.13,698
B,3,3,0.24,0.24,699
A,4,3,0.24,0.27,700
D,4,3,0.24,0.25,701
A,4,3,0.23,0.1,702
D,3,5,0.1,0.21,703
D,3,3,0.26,0.14,704
B,5,4,0.29,0.28,705
D,2,4,0.1,0.11,706
D,2,3,0.23,0.2,707
A,5,3,0.11,0.19,708
D,3,3,0.2,0.21,709
B,4,5,0.15,0.23,710
A,2,5,0.19,0.18,711
A,2,4,0.21,0.18,712
D,2,4,0.2,0.24,713
D,5,3,0.14,0.18,714
B,2,5,0.3,0.12,715
B,3,3,0.28,0.27,716
D,3,4,0.26,0.1,717
B,2,3,0.29,0.22,718
C,4,3,0.19,0.13,719
A,3,3,0.16,0.13,720
A,4,3,0.28,0.3,721
C,2,4,0.23,0.21,722
A,5,4,0.11,0.14,723
A,4,4,0.29,0.12,724
B,2,3,0.29,0.29,725
D,5,5,0.13,0.13,726
B,4,5,0.22,0.17,727
C,4,5,0.16,0.17,728
B,2,4,0.12,0.13,729
D,3,4,0.21,0.15,730
D,3,4,0.1,0.22,731
D,5,4,0.25,0.18,732
A,3,3,0.3,0.27,733
A,4,3,0.18,0.17,734
D,5,3,0.2,0.18,735
A,3,5,0.23,0.26,736
A,3,4,0.11,0.25,737
C,2,5,0.25,0.17,738
D,4,4,0.26,0.17,739
D,5,3,0.27,0.1,740
D,2,5,0.12,0.22,741
D,3,3,0.16,0.18,742
C,2,4,0.23,0.17,743
A,2,3,0.11,0.19,744
A,2,4,0.24,0.14,745
C,2,3,0.3,0.14,746
C,4,4,0.24,0.11,747
C,2,5,0.14,0.12,748
D,4,4,0.2,0.18,749
C,2,3,0.22,0.2,750
A,3,5,0.29,0.18,751
C,2,5,0.23,0.12,752
A,3,4,0.26,0.22,753
B,2,5,0.17,0.27,754
C,4,3,0.13,0.13,755
B,3,4,0.1,0.29,756
A,4,3,0.29,0.2,757
A,5,3,0.13,0.11,758
A,4,5,0.22,0.28,759
A,5,5,0.12,0.21,760
D,5,3,0.29,0.18,761
B,3,3,0.17,0.1,762
C,2,5,0.21,0.15,763
B,3,5,0.1,0.23,764
B,3,5,0.29,0.24,765
A,4,5,0.29,0.25,766
A,4,3,0.26,0.27,767
A,4,4,0.16,0.24,768
C,2,3,0.3,0.25,769
A,5,5,0.16,0.27,770
B,4,5,0.17,0.26,771
A,5,4,0.19,0.18,772
A,5,3,0.17,0.16,773
A,2,5,0.28,0.18,774
A,3,3,0.29,0.27,775
C,4,4,0.15,0.19,776
D,4,4,0.22,0.11,777
C,2,5,0.21,0.21,778
D,3,5,0.22,0.2,779
B,4,5,0.2,0.19,780
A,2,3,0.12,0.29,781
D,4,3,0.12,0.11,782
A,2,4,0.16,0.28,783
C,2,3,0.11,0.23,784
A,2,3,0.2,0.1,785
D,4,3,0.23,0.28,786
C,3,5,0.29,0.14,787
B,5,3,0.18,0.21,788
B,2,4,0.21,0.25,789
A,2,5,0.27,0.14,790
D,3,4,0.13,0.27,791
A,5,5,0.18,0.11,792
D,4,5,0.17,0.13,793
D,2,3,0.13,0.23,794
B,4,4,0.17,0.11,795
C,3,3,0.12,0.24,796
C,5,5,0.17,0.17,797
C,2,4,0.19,0.1,798
D,3,3,0.11,0.23,799
A,5,5,0.21,0.24,800
A,3,3,0.24,0.16,801
B,2,4,0.24,0.11,802
A,4,3,0.28,0.16,803
D,5,5,0.15,0.17,804
C,2,5,0.2,0.27,805
D,3,3,0.2,0.28,806
D,5,4,0.22,0.28,807
A,3,4,0.22,0.12,808
D,4,5,0.23,0.27,809
A,3,5,0.18,0.25,810
D,5,4,0.21,0.25,811
D,4,3,0.11,0.3,812
D,2,4,0.27,0.26,813
A,4,4,0.14,0.16,814
D,3,3,0.28,0.22,815
D,5,4,0.21,0.27,816
A,4,3,0.24,0.26,817
D,5,4,0.13,0.23,818
C,2,5,0.16,0.19,819
A,4,3,0.2,0.28,820
B,3,5,0.16,0.1,821
C,4,5,0.24,0.17,822
C,3,4,0.1,0.21,823
A,2,5,0.14,0.2,824
A,5,4,0.15,0.24,825
A,4,5,0.25,0.25,826
B,4,3,0.24,0.12,827
B,3,3,0.28,0.22,828
D,3,5,0.3,0.22,829
D,2,3,0.13,0.13,830
C,2,4,0.3,0.1,831
A,2,4,0.16,0.12,832
C,2,3,0.14,0.15,833
C,2,3,0.2,0.12,834
B,4,4,0.22,0.29,835
D,2,3,0.12,0.14,836
A,3,4,0.14,0.22,837
D,5,3,0.19,0.19,838
C,2,5,0.25,0.24,839
A,2,3,0.19,0.2,840
D,2,4,0.11,0.13,841
A,2,4,0.21,0.18,842
B,5,4,0.27,0.29,843
B,4,4,0.17,0.29,844
D,3,4,0.21,0.23,845
B,2,4,0.1,0.14,846
C,4,3,0.15,0.23,847
A,2,5,0.16,0.2,848
C,3,3,0.15,0.27,849
D,2,3,0.2,0.28,850
A,5,5,0.11,0.24,851
D,4,5,0.21,0.3,852
C,4,4,0.11,0.17,853
D,4,5,0.28,0.21,854
D,3,5,0.12,0.26,855
B,5,4,0.15,0.2,856
D,5,5,0.29,0.18,857
D,2,4,0.28,0.21,858
C,3,3,0.1,0.17,859
C,3,3,0.16,0.24,860
B,4,3,0.17,0.16,861
C,5,4,0.3,0.16,862
D,2,3,0.29,0.27,863
C,5,5,0.28,0.23,864
B,5,4,0.29,0.29,865
C,2,4,0.12,0.13,866
B,5,5,0.21,0.28,867
D,2,5,0.15,0.26,868
A,3,5,0.15,0.2,869
A,5,4,0.11,0.21,870
B,3,4,0.19,0.14,871
C,3,5,0.27,0.17,872
D,3,3,0.13,0.13,873
B,5,4,0.21,0.27,874
D,2,3,0.16,0.11,875
D,2,4,0.14,0.13,876
C,5,4,0.11,0.13,877
B,3,4,0.14,0.15,878
C,2,3,0.11,0.14,879
C,4,5,0.19,0.29,880
C,2,3,0.24,0.21,881
A,5,5,0.27,0.26,882
A,5,4,0.16,0.24,883
D,2,5,0.3,0.16,884
A,3,4,0.2,0.2,885
B,2,5,0.25,0.2,886
A,4,5,0.17,0.2,887
A,4,4,0.24,0.22,888
D,3,4,0.22,0.17,889
A,4,5,0.18,0.18,890
A,5,3,0.23,0.26,891
A,3,5,0.16,0.1,892
C,4,5,0.17,0.13,893
D,4,5,0.18,0.22,894
C,2,3,0.29,0.17,895
B,4,3,0.13,0.28,896
D,5,3,0.18,0.27,897
B,2,3,0.25,0.15,898
B,4,3,0.3,0.27,899
C,3,5,0.28,0.21,900
B,3,4,0.22,0.25,901
D,2,5,0.26,0.14,902
C,2,5,0.22,0.17,903
C,5,5,0.13,0.26,904
A,4,5,0.18,0.25,905
D,3,3,0.15,0.16,906
C,5,5,0.25,0.21,907
A,5,3,0.11,0.24,908
B,3,4,0.15,0.26,909
C,2,5,0.11,0.17,910
D,5,4,0.21,0.18,911
D,5,3,0.23,0.15,912
D,3,3,0.24,0.14,913
A,5,4,0.17,0.2,914
C,4,4,0.21,0.18,915
B,2,3,0.19,0.23,916
A,3,4,0.28,0.11,917
C,3,5,0.24,0.21,918
D,4,3,0.16,0.16,919
A,4,3,0.26,0.18,920
B,4,4,0.11,0.22,921
D,4,3,0.22,0.28,922
B,3,5,0.15,0.2,923
D,3,4,0.3,0.14,924
A,5,3,0.17,0.12,925
B,3,3,0.16,0.21,926
C,5,5,0.25,0.15,927
C,5,3,0.3,0.12,928
B,4,3,0.24,0.24,929
D,5,3,0.23,0.17,930
D,3,4,0.27,0.28,931
D,5,3,0.27,0.29,932
D,5,5,0.24,0.12,933
A,2,5,0.21,0.15,934
A,4,5,0.27,0.13,935
C,3,5,0.29,0.2,936
D,4,3,0.14,0.12,937
A,5,5,0.16,0.14,938
A,4,4,0.11,0.13,939
A,3,4,0.16,0.25,940
B,4,5,0.23,0.1,941
C,3,4,0.12,0.28,942
A,2,3,0.3,0.1,943
D,4,3,0.28,0.12,944
C,5,3,0.17,0.3,945
D,3,4,0.11,0.14,946
D,5,3,0.16,0.16,947
D,2,4,0.26,0.22,948
A,4,3,0.12,0.14,949
C,3,3,0.28,0.23,950
C,2,4,0.1,0.29,951
D,5,3,0.27,0.29,952
C,4,4,0.18,0.16,953
C,5,3,0.12,0.2,954
D,4,3,0.12,0.21,955
D,2,4,0.25,0.27,956
C,5,4,0.13,0.16,957
C,2,4,0.23,0.17,958
A,2,5,0.18,0.21,959
D,5,5,0.2,0.13,960
D,3,3,0.16,0.19,961
C,4,4,0.15,0.26,962
A,4,4,0.26,0.23,963
D,5,5,0.28,0.28,964
A,5,4,0.17,0.19,965
D,3,3,0.28,0.22,966
B,5,5,0.16,0.14,967
A,3,3,0.18,0.23,968
B,4,3,0.2,0.21,969
A,2,3,0.13,0.17,970
D,4,3,0.18,0.18,971
C,4,4,0.24,0.18,972
A,4,4,0.26,0.2,973
C,4,5,0.11,0.27,974
D,5,3,0.14,0.1,975
A,5,5,0.12,0.21,976
A,4,5,0.23,0.25,977
D,4,3,0.27,0.22,978
C,4,5,0.14,0.17,979
B,5,3,0.1,0.2,980
A,3,3,0.23,0.17,981
C,5,5,0.12,0.12,982
D,4,3,0.23,0.13,983
B,4,3,0.14,0.2,984
C,2,4,0.13,0.27,985
B,5,4,0.21,0.2,986
C,4,3,0.11,0.21,987
B,4,5,0.12,0.19,988
C,3,5,0.19,0.18,989
A,5,3,0.1,0.27,990
C,5,4,0.29,0.2,991
B,5,3,0.27,0.16,992
C,5,4,0.25,0.25,993
B,4,3,0.25,0.29,994
D,3,4,0.18,0.26,995
C,2,5,0.19,0.27,996
A,2,4,0.24,0.12,997
A,3,5,0.24,0.28,998
D,4,3,0.2,0.3,999
D,3,4,0.2,0.29,1000
A,4,5,0.17,0.29,1001
D,2,4,0.2,0.13,1002
C,4,4,0.19,0.19,1003
B,5,3,0.1,0.12,1004
C,5,4,0.23,0.26,1005
C,3,5,0.15,0.15,1006
B,3,4,0.19,0.16,1007
D,3,3,0.25,0.17,1008
C,3,4,0.29,0.16,1009
C,2,3,0.13,0.25,1010
B,4,5,0.3,0.18,1011
A,2,3,0.12,0.23,1012
C,5,3,0.21,0.1,1013
B,3,4,0.1,0.13,1014
D,2,5,0.22,0.18,1015
A,2,4,0.16,0.12,1016
A,4,3,0.12,0.23,1017
C,3,5,0.17,0.14,1018
A,2,4,0.29,0.23,1019
B,4,3,0.27,0.22,1020
B,2,3,0.26,0.19,1021
D,2,5,0.2,0.26,1022
D,2,3,0.2,0.3,1023
B,2,4,0.26,0.14,1024
D,5,4,0.23,0.12,1025
A,5,3,0.21,0.3,1026
C,3,4,0.18,0.19,1027
C,4,4,0.23,0.11,1028
A,2,4,0.14,0.3,1029
D,5,5,0.17,0.17,1030
B,4,3,0.25,0.28,1031
B,3,3,0.15,0.26,1032
D,5,3,0.21,0.13,1033
A,2,3,0.22,0.16,1034
B,4,4,0.25,0.2,1035
D,5,5,0.28,0.18,1036
B,5,4,0.1,0.18,1037
A,5,4,0.13,0.18,1038
B,3,4,0.25,0.11,1039
A,2,4,0.2,0.25,1040
C,5,3,0.28,0.13,1041
C,4,4,0.14,0.23,1042
A,2,3,0.29,0.12,1043
C,4,3,0.1,0.26,1044
D,4,5,0.29,0.29,1045
D,3,4,0.18,0.18,1046
B,5,3,0.13,0.13,1047
C,5,3,0.16,0.19,1048
B,4,5,0.1,0.19,1049
C,3,5,0.14,0.16,1050
D,3,4,0.16,0.25,1051
C,5,3,0.14,0.28,1052
B,2,4,0.15,0.16,1053
D,2,5,0.12,0.28,1054
C,4,3,0.26,0.21,1055
D,3,4,0.2,0.22,1056
D,3,3,0.26,0.3,1057
C,4,5,0.13,0.21,1058
A,3,5,0.21,0.25,1059
C,2,5,0.17,0.27,1060
C,2,4,0.29,0.26,1061
C,2,4,0.16,0.23,1062
C,4,5,0.13,0.13,1063
B,4,4,0.16,0.23,1064
D,2,4,0.25,0.22,1065
B,3,5,0.25,0.21,1066
D,5,3,0.17,0.13,1067
D,5,3,0.27,0.23,1068
B,3,4,0.12,0.17,1069
A,3,3,0.24,0.14,1070
B,5,3,0.29,0.22,1071
B,5,5,0.1,0.11,1072
A,5,3,0.18,0.12,1073
A,2,4,0.1,0.22,1074
C,2,5,0.23,0.17,1075
D,4,3,0.28,0.19,1076
C,3,3,0.11,0.13,1077
B,3,3,0.14,0.26,1078
D,2,4,0.23,0.25,1079
A,5,5,0.17,0.25,1080
C,2,4,0.26,0.17,1081
A,3,5,0.12,0.2,1082
C,5,5,0.1,0.26,1083
D,4,5,0.16,0.23,1084
C,5,5,0.18,0.26,1085
A,5,3,0.21,0.21,1086
A,5,4,0.24,0.23,1087
B,5,5,0.17,0.17,1088
A,2,4,0.23,0.11,1089
A,3,5,0.2,0.18,1090
A,4,4,0.12,0.26,1091
A,5,4,0.11,0.2,1092
A,4,3,0.18,0.15,1093
B,5,4,0.18,0.28,1094
C,2,5,0.13,0.11,1095
C,4,3,0.22,0.25,1096
D,5,5,0.17,0.24,1097
B,3,5,0.12,0.19,1098
A,4,5,0.19,0.26,1099
A,3,3,0.17,0.19,1100
B,5,3,0.15,0.29,1101
B,3,5,0.23,0.3,1102
C,5,4,0.17,0.13,1103
A,2,5,0.23,0.2,1104
A,5,4,0.25,0.19,1105
A,2,4,0.2,0.21,1106
A,5,4,0.17,0.1,1107
B,2,4,0.26,0.18,1108
A,2,4,0.15,0.14,1109
D,2,4,0.11,0.28,1110
A,5,5,0.13,0.14,1111
B,5,5,0.13,0.28,1112
A,2,5,0.28,0.11,1113
C,3,3,0.26,0.27,1114
C,2,4,0.15,0.25,1115
D,4,3,0.26,0.19,1116
D,2,5,0.2,0.21,1117
D,4,3,0.15,0.25,1118
D,5,5,0.3,0.16,1119
D,2,5,0.22,0.29,1120
A,4,5,0.3,0.25,1121
A,3,4,0.15,0.18,1122
D,3,4,0.2,0.12,1123
C,3,5,0.22,0.3,1124
B,4,5,0.12,0.18,1125
C,2,4,0.25,0.17,1126
D,5,4,0.14,0.14,1127
C,4,4,0.24,0.24,1128
B,4,4,0.12,0.29,1129
C,2,3,0.19,0.29,1130
A,3,5,0.12,0.18,1131
D,4,5,0.28,0.27,1132
D,5,3,0.12,0.15,1133
B,2,5,0.16,0.14,1134
D,3,3,0.25,0.29,1135
B,2,4,0.21,0.21,1136
A,3,4,0.23,0.22,1137
A,4,4,0.18,0.29,1138
A,2,3,0.21,0.23,1139
A,5,4,0.18,0.29,1140
D,5,3,0.19,0.29,1141
A,4,3,0.21,0.11,1142
D,3,5,0.23,0.21,1143
A,5,5,0.15,0.21,1144
A,2,4,0.13,0.22,1145
C,5,5,0.26,0.15,1146
B,4,3,0.22,0.24,1147
A,2,3,0.19,0.3,1148
B,3,3,0.13,0.17,1149
D,5,4,0.14,0.13,1150
C,2,4,0.26,0.14,1151
B,5,4,0.27,0.14,1152
B,4,3,0.27,0.19,1153
C,4,5,0.27,0.17,1154
C,5,5,0.27,0.22,1155
B,3,5,0.23,0.13,1156
D,4,5,0.23,0.17,1157
D,3,5,0.26,0.28,1158
C,3,4,0.2,0.22,1159
D,3,5,0.12,0.19,1160
C,5,5,0.12,0.14,1161
D,5,3,0.2,0.16,1162
D,2,5,0.15,0.11,1163
D,5,5,0.27,0.18,1164
D,5,4,0.12,0.18,1165
C,2,5,0.19,0.28,1166
C,4,5,0.13,0.27,1167
C,5,4,0.19,0.13,1168
C,5,3,0.28,0.29,1169
D,4,5,0.17,0.12,1170
B,5,4,0.23,0.14,1171
D,4,4,0.11,0.25,1172
C,4,3,0.24,0.18,1173
A,5,5,0.27,0.21,1174
D,2,5,0.13,0.29,1175
B,2,5,0.19,0.1,1176
D,5,5,0.24,0.28,1177
D,4,3,0.19,0.23,1178
D,3,3,0.16,0.29,1179
C,5,4,0.13,0.17,1180
D,4,3,0.25,0.3,1181
D,3,4,0.2,0.13,1182
A,3,4,0.2,0.15,1183
D,4,4,0.12,0.27,1184
A,4,5,0.15,0.23,1185
C,4,5,0.26,0.18,1186
D,4,5,0.25,0.12,1187
D,2,4,0.26,0.13,1188
A,5,4,0.13,0.15,1189
C,5,3,0.1,0.15,1190
D,5,3,0.17,0.26,1191
C,5,4,0.22,0.23,1192
C,4,3,0.26,0.19,1193
A,2,3,0.18,0.19,1194
A,3,4,0.23,0.25,1195
A,4,5,0.22,0.2,1196
A,2,3,0.22,0.12,1197
D,2,4,0.23,0.29,1198
C,4,5,0.25,0.1,1199
A,5,3,0.24,0.14,1200
D,4,5,0.25,0.17,1201
D,4,4,0.13,0.17,1202
C,5,4,0.19,0.24,1203
D,3,3,0.23,0.25,1204
B,2,4,0.22,0.26,1205
A,5,5,0.18,0.21,1206
B,2,3,0.21,0.12,1207
C,2,3,0.25,0.26,1208
D,3,5,0.11,0.17,1209
A,2,5,0.25,0.15,1210
D,2,3,0.24,0.16,1211
D,3,4,0.19,0.12,1212
C,5,4,0.12,0.26,1213
C,5,4,0.28,0.12,1214
D,2,4,0.15,0.29,1215
C,4,4,0.19,0.14,1216
B,5,3,0.16,0.11,1217
A,2,4,0.17,0.14,1218
B,3,5,0.17,0.19,1219
D,2,5,0.11,0.14,1220
A,2,3,0.19,0.2,1221
A,4,5,0.13,0.27,1222
B,4,5,0.24,0.27,1223
B,4,4,0.3,0.26,1224
D,2,4,0.15,0.29,1225
B,2,4,0.14,0.18,1226
C,5,4,0.11,0.29,1227
D,4,5,0.11,0.15,1228
C,3,5,0.1,0.21,1229
A,5,5,0.23,0.28,1230
A,2,4,0.17,0.11,1231
D,2,4,0.29,0.25,1232
D,3,5,0.25,0.19,1233
C,5,5,0.26,0.17,1234
C,2,3,0.14,0.23,1235
A,4,3,0.17,0.15,1236
A,5,5,0.22,0.19,1237
D,4,4,0.28,0.29,1238
A,2,5,0.15,0.23,1239
D,4,3,0.28,0.17,1240
A,2,4,0.14,0.29,1241
A,5,5,0.11,0.25,1242
D,2,3,0.25,0.11,1243
D,5,4,0.21,0.13,1244
D,5,4,0.15,0.21,1245
B,4,5,0.16,0.26,1246
B,4,5,0.29,0.21,1247
C,4,5,0.26,0.26,1248
A,5,5,0.28,0.11,1249
A,4,4,0.12,0.29,1250
A,3,3,0.18,0.24,1251
C,4,4,0.23,0.29,1252
B,3,3,0.25,0.21,1253
A,5,3,0.14,0.15,1254
A,4,4,0.24,0.13,1255
C,5,4,0.11,0.16,1256
D,4,5,0.25,0.12,1257
C,5,4,0.21,0.27,1258
C,4,5,0.27,0.11,1259
B,2,5,0.13,0.22,1260
B,4,3,0.27,0.26,1261
C,4,4,0.24,0.23,1262
B,3,4,0.12,0.1,1263
C,4,5,0.14,0.28,1264
B,3,4,0.16,0.24,1265
C,4,3,0.22,0.12,1266
D,2,3,0.19,0.29,1267
C,2,3,0.12,0.13,1268
B,3,4,0.14,0.22,1269
B,4,4,0.24,0.1,1270
B,3,3,0.25,0.3,1271
D,5,4,0.24,0.15,1272
A,3,5,0.14,0.17,1273
A,3,3,0.25,0.29,1274
B,2,3,0.22,0.15,1275
C,4,4,0.27,0.28,1276
B,5,5,0.16,0.17,1277
B,5,3,0.13,0.12,1278
D,3,5,0.24,0.26,1279
D,5,4,0.29,0.1,1280
D,2,5,0.15,0.17,1281
B,5,4,0.2,0.17,1282
A,2,4,0.11,0.26,1283
C,4,4,0.2,0.1,1284
D,5,4,0.16,0.28,1285
D,3,3,0.12,0.14,1286
A,4,4,0.16,0.15,1287
D,2,5,0.25,0.21,1288
D,5,5,0.16,0.12,1289
B,4,4,0.12,0.28,1290
A,3,4,0.27,0.12,1291
B,3,5,0.23,0.29,1292
B,5,4,0.21,0.25,1293
D,2,3,0.29,0.24,1294
B,3,5,0.25,0.29,1295
C,5,3,0.25,0.21,1296
A,2,5,0.3,0.14,1297
D,4,4,0.21,0.11,1298
C,2,5,0.19,0.12,1299
C,5,4,0.25,0.25,1300
A,5,3,0.18,0.27,1301
A,4,3,0.26,0.24,1302
C,5,3,0.2,0.14,1303
D,4,4,0.23,0.13,1304
C,3,3,0.19,0.13,1305
D,3,3,0.18,0.16,1306
C,5,5,0.19,0.28,1307
B,3,4,0.3,0.24,1308
A,5,4,0.26,0.2,1309
C,4,4,0.2,0.29,1310
A,2,5,0.25,0.21,1311
B,3,5,0.12,0.16,1312
D,3,5,0.13,0.28,1313
A,2,3,0.21,0.17,1314
A,4,4,0.25,0.2,1315
B,2,5,0.12,0.2,1316
D,5,4,0.23,0.28,1317
C,3,3,0.14,0.23,1318
D,4,5,0.23,0.11,1319
A,5,5,0.24,0.11,1320
C,2,3,0.18,0.28,1321
D,2,3,0.22,0.16,1322
B,3,4,0.15,0.1,1323
C,4,3,0.22,0.15,1324
B,2,4,0.28,0.11,1325
C,3,3,0.14,0.15,1326
C,5,4,0.26,0.12,1327
A,4,3,0.13,0.3,1328
A,5,5,0.17,0.14,1329
D,5,4,0.15,0.27,1330
D,2,4,0.11,0.24,1331
B,5,3,0.27,0.17,1332
A,4,3,0.21,0.24,1333
A,2,3,0.17,0.3,1334
C,4,3,0.3,0.28,1335
C,3,3,0.18,0.24,1336
C,5,5,0.18,0.14,1337
D,3,5,0.2,0.1,1338
C,3,4,0.29,0.29,1339
B,2,3,0.26,0.1,1340
A,3,5,0.28,0.28,1341
B,4,4,0.26,0.18,1342
D,3,3,0.27,0.25,1343
D,4,5,0.26,0.26,1344
C,3,5,0.23,0.13,1345
B,3,4,0.14,0.26,1346
C,2,4,0.21,0.3,1347
A,5,5,0.14,0.12,1348
C,3,3,0.15,0.17,1349
A,2,4,0.28,0.13,1350
C,3,4,0.26,0.15,1351
C,2,4,0.27,0.24,1352
B,3,5,0.14,0.27,1353
D,2,5,0.23,0.29,1354
C,4,4,0.12,0.12,1355
C,4,5,0.2,0.18,1356
B,3,4,0.26,0.26,1357
D,4,5,0.1,0.11,1358
B,2,4,0.16,0.27,1359
C,3,5,0.11,0.29,1360
D,2,3,0.28,0.29,1361
B,3,5,0.22,0.2,1362
A,3,5,0.19,0.14,1363
B,2,4,0.21,0.15,1364
A,2,5,0.26,0.2,1365
C,4,4,0.13,0.29,1366
D,5,5,0.22,0.22,1367
B,3,5,0.14,0.11,1368
D,4,5,0.14,0.24,1369
D,5,3,0.23,0.16,1370
B,5,5,0.25,0.28,1371
C,2,3,0.21,0.15,1372
D,4,5,0.2,0.28,1373
B,4,3,0.19,0.11,1374
C,4,5,0.21,0.15,1375
B,2,4,0.22,0.21,1376
B,2,5,0.24,0.24,1377
D,4,5,0.2,0.2,1378
A,4,3,0.28,0.27,1379
B,2,4,0.21,0.28,1380
D,3,5,0.3,0.13,1381
B,4,5,0.26,0.15,1382
B,2,5,0.28,0.18,1383
C,2,3,0.27,0.11,1384
D,4,4,0.11,0.15,1385
D,3,4,0.26,0.17,1386
B,4,4,0.2,0.15,1387
B,5,4,0.12,0.24,1388
A,4,5,0.14,0.16,1389
D,4,4,0.13,0.14,1390
A,4,5,0.11,0.22,1391
A,2,3,0.14,0.23,1392
D,2,4,0.11,0.17,1393
B,5,4,0.22,0.28,1394
B,3,5,0.29,0.21,1395
D,3,5,0.12,0.15,1396
B,2,3,0.29,0.25,1397
D,3,5,0.15,0.11,1398
B,4,3,0.2,0.24,1399
A,2,5,0.13,0.15,1400
B,3,3,0.18,0.18,1401
B,3,3,0.28,0.3,1402
B,3,4,0.3,0.23,1403
C,2,5,0.22,0.29,1404
C,2,5,0.13,0.11,1405
C,2,3,0.29,0.18,1406
B,5,5,0.2,0.13,1407
A,2,3,0.27,0.2,1408
A,3,3,0.3,0.17,1409
B,2,5,0.13,0.19,1410
D,5,4,0.14,0.23,1411
C,3,4,0.28,0.25,1412
A,2,4,0.28,0.19,1413
B,5,3,0.15,0.26,1414
A,2,3,0.22,0.24,1415
C,5,5,0.24,0.26,1416
C,4,5,0.11,0.24,1417
B,4,4,0.19,0.23,1418
C,4,3,0.17,0.22,1419
A,3,3,0.29,0.16,1420
C,2,5,0.19,0.29,1421
B,5,4,0.11,0.17,1422
B,2,4,0.22,0.1,1423
D,5,3,0.29,0.14,1424
C,5,5,0.22,0.1,1425
D,5,5,0.29,0.13,1426
C,2,3,0.15,0.18,1427
B,3,3,0.26,0.12,1428
C,4,5,0.21,0.11,1429
C,2,5,0.17,0.22,1430
C,2,5,0.18,0.25,1431
C,3,5,0.18,0.29,1432
D,5,4,0.25,0.1,1433
B,3,5,0.26,0.19,1434
A,2,3,0.23,0.23,1435
B,2,3,0.25,0.25,1436
D,4,5,0.22,0.25,1437
B,4,4,0.28,0.28,1438
C,3,5,0.16,0.27,1439
A,4,4,0.3,0.12,1440
A,2,4,0.15,0.24,1441
D,4,4,0.11,0.29,1442
C,2,4,0.25,0.17,1443
D,5,4,0.22,0.28,1444
C,3,4,0.18,0.27,1445
D,2,4,0.23,0.14,1446
C,4,3,0.15,0.17,1447
C,4,5,0.29,0.1,1448
A,4,5,0.19,0.28,1449
D,5,3,0.27,0.19,1450
A,4,3,0.16,0.22,1451
D,4,4,0.11,0.22,1452
B,4,4,0.16,0.26,1453
A,2,5,0.21,0.29,1454
D,5,3,0.13,0.25,1455
C,5,5,0.13,0.28,1456
C,5,5,0.15,0.12,1457
B,3,5,0.24,0.11,1458
D,5,4,0.25,0.2,1459
A,4,5,0.28,0.22,1460
B,2,5,0.27,0.19,1461
B,5,3,0.27,0.28,1462
C,2,4,0.3,0.17,1463
B,4,4,0.1,0.14,1464
D,5,4,0.25,0.15,1465
C,4,5,0.28,0.25,1466
D,5,4,0.12,0.23,1467
B,5,3,0.13,0.23,1468
D,3,5,0.12,0.28,1469
D,3,4,0.14,0.23,1470
A,4,4,0.22,0.14,1471
A,3,5,0.19,0.29,1472
C,4,3,0.16,0.29,1473
A,5,5,0.21,0.12,1474
D,4,5,0.22,0.25,1475
C,2,4,0.15,0.22,1476
A,2,5,0.18,0.18,1477
B,5,4,0.22,0.15,1478
D,2,4,0.26,0.12,1479
A,2,3,0.15,0.21,1480
D,4,5,0.13,0.26,1481
C,5,5,0.1,0.21,1482
A,5,4,0.11,0.28,1483
D,5,5,0.2,0.16,1484
A,3,5,0.17,0.23,1485
B,2,3,0.17,0.22,1486
B,4,3,0.16,0.17,1487
A,2,5,0.11,0.24,1488
B,2,4,0.28,0.22,1489
D,4,4,0.13,0.17,1490
A,2,5,0.26,0.16,1491
D,3,4,0.2,0.17,1492
A,4,3,0.28,0.22,1493
B,5,5,0.11,0.2,1494
D,3,4,0.18,0.1,1495
D,4,5,0.17,0.17,1496
C,2,3,0.11,0.25,1497
C,5,3,0.21,0.25,1498
D,4,5,0.21,0.17,1499
A,5,4,0.12,0.28,1500
C,4,4,0.24,0.15,1501
C,2,3,0.28,0.2,1502
B,5,4,0.14,0.11,1503
A,3,4,0.11,0.22,1504
C,3,4,0.12,0.17,1505
C,4,4,0.17,0.21,1506
B,5,4,0.19,0.27,1507
C,3,4,0.11,0.26,1508
D,2,5,0.16,0.27,1509
A,3,3,0.28,0.11,1510
B,5,4,0.16,0.22,1511
C,3,4,0.15,0.16,1512
C,3,3,0.28,0.28,1513
D,5,4,0.13,0.15,1514
A,4,4,0.2,0.12,1515
B,4,5,0.19,0.21,1516
B,5,3,0.26,0.24,1517
D,3,3,0.25,0.17,1518
A,3,5,0.13,0.22,1519
D,3,4,0.25,0.16,1520
B,4,4,0.22,0.15,1521
C,4,5,0.17,0.25,1522
B,3,5,0.17,0.13,1523
D,2,4,0.28,0.22,1524
D,5,5,0.28,0.14,1525
A,5,3,0.2,0.25,1526
D,2,4,0.19,0.21,1527
D,2,3,0.16,0.13,1528
D,3,5,0.29,0.25,1529
B,5,3,0.16,0.22,1530
D,4,5,0.16,0.19,1531
A,5,5,0.15,0.12,1532
B,2,4,0.23,0.22,1533
D,5,3,0.23,0.28,1534
D,5,4,0.22,0.22,1535
C,4,4,0.26,0.17,1536
C,2,3,0.12,0.2,1537
B,5,3,0.2,0.16,1538
D,3,3,0.12,0.25,1539
A,2,3,0.29,0.14,1540
B,3,4,0.24,0.19,1541
A,4,4,0.21,0.12,1542
A,3,3,0.15,0.27,1543
A,4,3,0.16,0.25,1544
C,2,5,0.17,0.24,1545
A,4,3,0.29,0.28,1546
D,4,5,0.17,0.28,1547
C,2,3,0.11,0.16,1548
A,5,4,0.13,0.21,1549
A,3,5,0.12,0.25,1550
B,2,3,0.19,0.3,1551
C,5,5,0.16,0.16,1552
A,2,3,0.29,0.24,1553
D,3,3,0.11,0.12,1554
D,4,4,0.25,0.12,1555
C,3,3,0.23,0.18,1556
C,5,3,0.11,0.25,1557
B,3,5,0.29,0.28,1558
D,5,4,0.14,0.19,1559
D,4,5,0.28,0.21,1560
D,4,5,0.28,0.28,1561
D,2,4,0.18,0.3,1562
B,2,4,0.25,0.2,1563
A,5,4,0.28,0.18,1564
A,2,4,0.25,0.19,1565
D,5,4,0.14,0.14,1566
B,4,3,0.19,0.14,1567
A,3,4,0.24,0.1,1568
C,5,5,0.21,0.16,1569
D,3,4,0.27,0.17,1570
B,5,5,0.29,0.17,1571
B,3,4,0.19,0.27,1572
C,3,3,0.28,0.19,1573
B,5,3,0.19,0.29,1574
A,3,4,0.2,0.12,1575
C,2,4,0.15,0.2,1576
B,4,3,0.25,0.27,1577
D,4,5,0.25,0.3,1578
A,3,5,0.13,0.12,1579
B,5,4,0.25,0.24,1580
A,3,3,0.22,0.14,1581
D,4,3,0.22,0.25,1582
C,4,5,0.11,0.19,1583
B,3,3,0.13,0.14,1584
B,4,3,0.23,0.11,1585
C,4,5,0.13,0.19,1586
B,5,3,0.23,0.29,1587
A,2,4,0.23,0.18,1588
D,4,4,0.28,0.2,1589
C,5,3,0.28,0.28,1590
B,5,4,0.21,0.11,1591
A,5,5,0.27,0.24,1592
A,2,5,0.22,0.24,1593
D,3,4,0.19,0.2,1594
C,4,3,0.13,0.12,1595
B,3,5,0.24,0.15,1596
B,5,4,0.22,0.23,1597
C,2,4,0.28,0.26,1598
A,4,5,0.29,0.23,1599
A,5,3,0.2,0.17,1600
A,5,4,0.28,0.19,1601
A,5,3,0.2,0.23,1602
A,3,4,0.3,0.11,1603
B,5,3,0.27,0.2,1604
B,4,4,0.21,0.2,1605
C,5,5,0.26,0.25,1606
D,4,3,0.14,0.13,1607
C,3,5,0.21,0.24,1608
A,5,4,0.13,0.25,1609
B,2,3,0.21,0.13,1610
B,2,3,0.16,0.19,1611
C,5,4,0.25,0.25,1612
A,2,3,0.25,0.11,1613
C,3,5,0.27,0.13,1614
C,4,5,0.12,0.27,1615
C,3,4,0.11,0.23,1616
D,5,5,0.16,0.15,1617
B,2,3,0.27,0.15,1618
C,5,3,0.21,0.22,1619
A,4,5,0.12,0.15,1620
B,4,3,0.21,0.2,1621
B,3,4,0.19,0.22,1622
C,2,3,0.23,0.19,1623
D,4,4,0.25,0.2,1624
A,3,5,0.19,0.3,1625
B,3,5,0.27,0.23,1626
A,2,5,0.23,0.29,1627
A,4,4,0.25,0.23,1628
C,2,5,0.26,0.22,1629
D,4,5,0.27,0.11,1630
C,4,5,0.14,0.11,1631
B,5,5,0.16,0.24,1632
A,5,5,0.28,0.26,1633
C,2,5,0.18,0.11,1634
D,3,3,0.19,0.12,1635
C,2,5,0.19,0.3,1636
A,2,5,0.11,0.26,1637
D,3,5,0.15,0.25,1638
D,5,3,0.14,0.14,1639
A,5,5,0.12,0.13,1640
B,5,4,0.17,0.18,1641
D,2,4,0.21,0.29,1642
A,4,5,0.17,0.13,1643
D,5,4,0.28,0.13,1644
B,2,5,0.24,0.22,1645
B,5,5,0.28,0.18,1646
B,3,3,0.12,0.11,1647
B,4,5,0.23,0.24,1648
C,2,3,0.11,0.18,1649
C,4,4,0.12,0.11,1650
D,5,3,0.18,0.22,1651
B,5,3,0.25,0.19,1652
C,2,4,0.12,0.28,1653
B,2,3,0.21,0.24,1654
C,3,4,0.26,0.18,1655
A,3,4,0.29,0.12,1656
D,2,3,0.23,0.23,1657
A,4,4,0.22,0.13,1658
C,2,5,0.28,0.26,1659
A,4,5,0.11,0.21,1660
B,2,3,0.27,0.13,1661
A,3,3,0.13,0.22,1662
B,4,5,0.16,0.24,1663
C,4,5,0.22,0.28,1664
A,3,5,0.27,0.19,1665
D,2,5,0.19,0.16,1666
B,4,3,0.23,0.12,1667
A,5,5,0.21,0.16,1668
B,5,4,0.28,0.14,1669
C,2,5,0.12,0.25,1670
D,3,3,0.16,0.21,1671
C,5,4,0.21,0.14,1672
D,3,4,0.21,0.11,1673
C,3,4,0.27,0.18,1674
A,2,5,0.28,0.11,1675
A,4,4,0.15,0.28,1676
B,5,3,0.17,0.11,1677
C,4,4,0.13,0.16,1678
A,2,5,0.22,0.21,1679
A,4,4,0.22,0.2,1680
C,4,4,0.28,0.14,1681
A,5,5,0.22,0.19,1682
D,2,3,0.18,0.15,1683
D,5,5,0.24,0.25,1684
C,4,4,0.28,0.21,1685
B,5,4,0.28,0.1,1686
A,5,5,0.14,0.2,1687
C,5,4,0.18,0.11,1688
A,5,4,0.22,0.26,1689
B,5,4,0.13,0.12,1690
C,2,4,0.18,0.14,1691
D,3,3,0.16,0.11,1692
D,5,4,0.14,0.27,1693
D,3,3,0.26,0.25,1694
B,4,5,0.12,0.25,1695
A,3,5,0.17,0.23,1696
A,3,5,0.18,0.15,1697
A,3,4,0.18,0.27,1698
C,3,3,0.19,0.25,1699
D,5,5,0.28,0.15,1700
A,5,4,0.18,0.24,1701
D,4,3,0.16,0.24,1702
D,3,4,0.13,0.25,1703
A,3,5,0.23,0.21,1704
B,3,3,0.22,0.2,1705
B,4,4,0.19,0.3,1706
C,5,3,0.13,0.25,1707
D,2,5,0.29,0.22,1708
C,2,5,0.29,0.27,1709
D,2,5,0.15,0.25,1710
C,2,5,0.27,0.24,1711
C,5,4,0.15,0.16,1712
D,5,3,0.3,0.17,1713
D,2,3,0.23,0.19,1714
D,5,5,0.22,0.27,1715
C,5,5,0.11,0.18,1716
A,2,4,0.15,0.11,1717
D,2,5,0.29,0.17,1718
B,5,3,0.27,0.21,1719
C,4,4,0.16,0.2,1720
C,3,5,0.15,0.1,1721
D,2,3,0.25,0.14,1722
B,4,5,0.29,0.26,1723
C,4,4,0.16,0.12,1724
A,3,3,0.14,0.18,1725
B,3,3,0.12,0.12,1726
A,2,4,0.15,0.14,1727
C,3,3,0.18,0.27,1728
C,3,3,0.13,0.21,1729
C,5,5,0.18,0.29,1730
C,5,4,0.27,0.14,1731
C,4,5,0.29,0.16,1732
D,3,5,0.13,0.18,1733
A,4,4,0.1,0.21,1734
C,3,3,0.21,0.29,1735
A,3,4,0.29,0.11,1736
A,-999,3,0.19,0.28,1737
D,-999,4,0.18,0.11,1738
C,2,5,0.16,0.11,1739
B,4,3,0.28,0.16,1740
B,4,4,0.2,0.19,1741
C,2,3,0.11,0.3,1742
B,5,4,0.22,0.15,1743
D,3,3,0.27,0.18,1744
B,3,5,0.19,0.26,1745
B,3,5,0.21,0.1,1746
B,2,5,0.23,0.25,1747
D,3,5,0.14,0.12,1748
D,2,4,0.14,0.12,1749
C,4,3,0.14,0.23,1750
A,4,3,0.19,0.27,1751
C,5,5,0.19,0.28,1752
D,4,3,0.1,0.22,1753
A,4,5,0.29,0.29,1754
C,4,3,0.12,0.1,1755
A,5,3,0.29,0.14,1756
A,5,5,0.15,0.14,1757
C,3,3,0.22,0.15,1758
A,4,3,0.22,0.16,1759
C,4,5,0.23,0.29,1760
D,3,3,0.29,0.15,1761
A,4,5,0.14,0.17,1762
D,4,4,0.11,0.11,1763
C,3,5,0.26,0.25,1764
A,5,3,0.16,0.18,1765
D,5,5,0.14,0.19,1766
B,3,3,0.25,0.15,1767
A,3,5,0.13,0.25,1768
C,3,4,0.13,0.2,1769
C,3,4,0.17,0.22,1770
C,4,5,0.19,0.23,1771
A,4,5,0.1,0.18,1772
A,2,4,0.25,0.29,1773
C,3,3,0.11,0.17,1774
B,3,5,0.2,0.26,1775
A,2,5,0.29,0.23,1776
B,2,5,0.18,0.2,1777
A,4,5,0.14,0.18,1778
C,3,3,0.2,0.28,1779
A,4,3,0.3,0.24,1780
D,2,5,0.15,0.26,1781
C,4,5,0.12,0.19,1782
D,2,3,0.12,0.28,1783
A,5,3,0.28,0.14,1784
A,4,5,0.13,0.28,1785
C,4,5,0.23,0.18,1786
B,2,4,0.29,0.21,1787
C,4,3,0.3,0.19,1788
C,5,3,0.14,0.18,1789
D,3,4,0.19,0.27,1790
A,4,5,0.29,0.26,1791
B,2,4,0.27,0.16,1792
D,4,3,0.11,0.26,1793
B,5,4,0.11,0.13,1794
A,3,3,0.29,0.26,1795
C,4,5,0.11,0.19,1796
D,3,3,0.12,0.18,1797
D,3,5,0.14,0.13,1798
C,5,3,0.16,0.12,1799
B,4,5,0.29,0.1,1800
D,4,3,0.21,0.13,1801
D,2,3,0.24,0.16,1802
A,5,5,0.13,0.18,1803
A,3,3,0.24,0.12,1804
B,4,5,0.18,0.19,1805
D,3,4,0.11,0.19,1806
D,2,3,0.18,0.21,1807
C,4,4,0.21,0.27,1808
C,3,4,0.23,0.28,1809
D,5,4,0.11,0.2,1810
C,5,5,0.13,0.23,1811
D,2,3,0.29,0.14,1812
A,4,3,0.25,0.12,1813
B,2,4,0.24,0.16,1814
A,4,4,0.16,0.22,1815
C,4,5,0.21,0.14,1816
B,4,4,0.17,0.26,1817
B,5,5,0.24,0.29,1818
A,3,5,0.14,0.22,1819
B,3,5,0.13,0.14,1820
D,3,4,0.12,0.18,1821
A,3,4,0.22,0.1,1822
A,5,3,0.24,0.13,1823
D,3,4,0.25,0.19,1824
D,2,3,0.1,0.19,1825
D,3,5,0.21,0.28,1826
B,2,5,0.12,0.23,1827
A,2,5,0.19,0.28,1828
A,4,3,0.16,0.28,1829
D,4,5,0.12,0.3,1830
A,3,3,0.28,0.22,1831
B,2,5,0.24,0.29,1832
B,4,3,0.12,0.22,1833
A,3,3,0.13,0.19,1834
B,3,4,0.23,0.14,1835
A,2,3,0.12,0.15,1836
C,5,3,0.24,0.12,1837
B,5,5,0.14,0.29,1838
B,5,3,0.27,0.14,1839
C,2,4,0.23,0.14,1840
D,5,5,0.21,0.25,1841
A,2,5,0.1,0.3,1842
C,5,3,0.24,0.25,1843
C,4,3,0.28,0.23,1844
C,2,5,0.26,0.16,1845
B,5,5,0.12,0.14,1846
B,2,4,0.21,0.26,1847
A,4,4,0.25,0.17,1848
B,5,5,0.11,0.19,1849
A,3,3,0.27,0.24,1850
A,2,3,0.24,0.28,1851
A,4,5,0.17,0.22,1852
A,3,4,0.24,0.24,1853
D,3,4,0.25,0.14,1854
D,2,3,0.28,0.28,1855
A,2,3,0.16,0.24,1856
A,3,4,0.11,0.3,1857
A,2,4,0.15,0.13,1858
C,3,4,0.28,0.22,1859
A,3,4,0.17,0.23,1860
C,3,5,0.16,0.27,1861
D,3,4,0.12,0.13,1862
B,4,5,0.19,0.22,1863
C,4,4,0.18,0.27,1864
A,4,3,0.15,0.18,1865
A,5,4,0.24,0.28,1866
B,3,5,0.2,0.22,1867
C,5,3,0.17,0.2,1868
C,2,5,0.21,0.14,1869
D,4,4,0.29,0.24,1870
D,5,4,0.24,0.1,1871
C,2,4,0.23,0.16,1872
C,4,5,0.3,0.12,1873
C,5,3,0.23,0.19,1874
B,3,4,0.12,0.21,1875
B,5,3,0.14,0.26,1876
C,2,3,0.11,0.13,1877
A,3,5,0.19,0.17,1878
B,2,5,0.3,0.14,1879
B,4,3,0.19,0.29,1880
A,3,5,0.23,0.3,1881
D,4,3,0.11,0.25,1882
B,5,3,0.14,0.11,1883
B,2,5,0.29,0.11,1884
B,4,4,0.24,0.29,1885
D,3,3,0.2,0.16,1886
C,4,3,0.22,0.28,1887
C,5,3,0.18,0.11,1888
D,4,3,0.19,0.11,1889
D,4,5,0.19,0.2,1890
C,4,4,0.23,0.25,1891
D,3,3,0.17,0.11,1892
A,2,4,0.26,0.12,1893
C,5,3,0.2,0.19,1894
C,2,4,0.16,0.26,1895
A,4,4,0.25,0.16,1896
A,3,5,0.19,0.17,1897
D,5,3,0.13,0.14,1898
D,2,3,0.11,0.21,1899
B,5,4,0.14,0.2,1900
A,2,5,0.29,0.25,1901
A,4,3,0.28,0.1,1902
B,2,3,0.18,0.13,1903
A,4,5,0.27,0.15,1904
C,4,5,0.22,0.17,1905
A,4,5,0.21,0.11,1906
D,3,4,0.16,0.27,1907
D,2,3,0.2,0.25,1908
D,2,4,0.19,0.25,1909
C,5,5,0.19,0.23,1910
B,4,5,0.15,0.21,1911
C,5,5,0.18,0.15,1912
C,5,5,0.29,0.2,1913
A,2,3,0.28,0.29,1914
C,4,5,0.21,0.17,1915
B,4,3,0.18,0.1,1916
B,5,5,0.16,0.18,1917
A,4,3,0.27,0.19,1918
B,5,5,0.13,0.17,1919
C,4,5,0.2,0.24,1920
D,3,3,0.12,0.21,1921
C,5,4,0.17,0.15,1922
A,3,3,0.28,0.23,1923
A,2,4,0.24,0.1,1924
C,3,4,0.18,0.29,1925
B,5,3,0.25,0.24,1926
D,2,4,0.21,0.26,1927
C,3,3,0.16,0.18,1928
A,3,3,0.18,0.29,1929
D,5,5,0.11,0.3,1930
B,3,5,0.29,0.1,1931
B,3,5,0.28,0.16,1932
B,4,4,0.24,0.22,1933
C,2,5,0.28,0.2,1934
B,2,5,0.24,0.17,1935
B,3,3,0.29,0.15,1936
A,3,4,0.21,0.17,1937
C,5,5,0.24,0.15,1938
A,3,5,0.15,0.2,1939
A,3,3,0.25,0.15,1940
D,2,5,0.15,0.27,1941
B,2,4,0.25,0.22,1942
D,3,4,0.25,0.11,1943
D,5,4,0.29,0.28,1944
C,2,5,0.13,0.28,1945
B,3,4,0.29,0.28,1946
B,3,4,0.25,0.19,1947
D,4,5,0.27,0.18,1948
B,3,3,0.15,0.17,1949
D,5,4,0.11,0.29,1950
B,4,5,0.26,0.25,1951
A,2,5,0.18,0.29,1952
D,3,4,0.24,0.29,1953
C,2,3,0.15,0.13,1954
C,3,5,0.11,0.23,1955
D,4,3,0.19,0.23,1956
C,2,4,0.12,0.27,1957
A,5,4,0.25,0.19,1958
D,4,4,0.23,0.1,1959
B,5,5,0.26,0.23,1960
A,5,5,0.25,0.24,1961
C,4,3,0.23,0.13,1962
D,3,3,0.13,0.21,1963
A,5,5,0.21,0.11,1964
B,2,3,0.28,0.15,1965
D,2,5,0.29,0.2,1966
D,5,4,0.11,0.1,1967
B,3,4,0.28,0.28,1968
C,5,4,0.18,0.24,1969
A,5,3,0.22,0.29,1970
A,5,5,0.21,0.26,1971
B,2,5,0.21,0.16,1972
C,3,3,0.21,0.27,1973
A,5,4,0.19,0.21,1974
D,5,5,0.1,0.29,1975
D,2,3,0.23,0.16,1976
A,5,4,0.24,0.11,1977
B,2,3,0.18,0.18,1978
B,2,4,0.3,0.12,1979
B,3,5,0.27,0.12,1980
A,4,4,0.14,0.16,1981
D,4,4,0.26,0.13,1982
B,3,3,0.22,0.2,1983
C,5,3,0.18,0.23,1984
B,4,4,0.22,0.19,1985
A,2,5,0.19,0.17,1986
A,5,4,0.11,0.15,1987
A,3,3,0.24,0.26,1988
B,2,3,0.2,0.27,1989
B,3,4,0.28,0.23,1990
D,3,4,0.17,0.17,1991
C,5,4,0.13,0.24,1992
D,2,3,0.13,0.25,1993
A,2,3,0.12,0.12,1994
D,4,5,0.16,0.21,1995
A,2,3,0.3,0.29,1996
D,5,4,0.12,0.22,1997
B,5,4,0.29,0.11,1998
D,5,5,0.19,0.15,1999
D,5,4,0.15,0.17,2000
A,3,3,0.11,0.22,2001
B,5,5,0.22,0.18,2002
C,5,4,0.17,0.22,2003
C,4,4,0.21,0.17,2004
B,5,3,0.2,0.22,2005
D,4,3,0.16,0.15,2006
D,3,4,0.13,0.29,2007
B,2,4,0.27,0.19,2008
C,2,4,0.26,0.26,2009
A,2,5,0.25,0.21,2010
D,4,5,0.29,0.29,2011
B,5,3,0.26,0.25,2012
A,2,4,0.16,0.22,2013
A,3,5,0.2,0.3,2014
A,4,3,0.15,0.21,2015
C,3,3,0.21,0.14,2016
B,4,5,0.15,0.17,2017
B,2,5,0.16,0.21,2018
A,5,4,0.25,0.22,2019
C,4,5,0.16,0.2,2020
C,2,3,0.24,0.12,2021
B,5,3,0.11,0.21,2022
C,5,3,0.23,0.28,2023
B,5,4,0.17,0.22,2024
C,4,3,0.19,0.18,2025
B,5,4,0.29,0.11,2026
B,3,5,0.26,0.22,2027
D,2,4,0.18,0.2,2028
B,3,3,0.23,0.26,2029
A,5,3,0.16,0.27,2030
D,3,5,0.2,0.2,2031
C,4,4,0.1,0.24,2032
D,2,5,0.21,0.22,2033
B,4,3,0.17,0.24,2034
A,5,4,0.12,0.21,2035
D,2,5,0.11,0.18,2036
B,3,4,0.11,0.29,2037
A,2,4,0.15,0.27,2038
B,4,3,0.27,0.18,2039
C,3,4,0.23,0.26,2040
C,2,4,0.24,0.13,2041
D,5,3,0.13,0.29,2042
C,3,5,0.27,0.12,2043
A,5,3,0.3,0.17,2044
C,4,3,0.17,0.25,2045
D,2,3,0.17,0.24,2046
D,5,5,0.12,0.13,2047
D,2,3,0.21,0.25,2048
D,3,4,0.19,0.28,2049
D,2,3,0.15,0.12,2050
B,3,3,0.15,0.29,2051
C,3,4,0.22,0.3,2052
A,3,3,0.14,0.17,2053
C,5,3,0.22,0.21,2054
C,2,3,0.22,0.23,2055
C,2,3,0.18,0.25,2056
B,3,5,0.11,0.19,2057
D,2,3,0.15,0.11,2058
B,2,5,0.11,0.22,2059
A,5,3,0.12,0.14,2060
A,2,3,0.22,0.2,2061
A,4,5,0.24,0.21,2062
D,2,3,0.17,0.27,2063
B,3,4,0.22,0.28,2064
A,5,3,0.3,0.24,2065
D,5,5,0.14,0.25,2066
C,5,4,0.26,0.26,2067
C,2,5,0.12,0.15,2068
D,4,4,0.17,0.11,2069
B,5,5,0.28,0.22,2070
B,2,4,0.19,0.22,2071
B,5,5,0.27,0.1,2072
B,4,3,0.24,0.17,2073
D,4,5,0.19,0.21,2074
A,3,4,0.12,0.18,2075
B,3,4,0.14,0.27,2076
D,2,5,0.26,0.25,2077
C,2,4,0.25,0.15,2078
B,5,4,0.12,0.23,2079
D,3,3,0.14,0.25,2080
D,2,5,0.16,0.24,2081
A,2,5,0.18,0.13,2082
B,2,3,0.23,0.18,2083
D,4,4,0.16,0.12,2084
D,2,3,0.23,0.14,2085
C,5,5,0.16,0.25,2086
B,5,4,0.23,0.12,2087
C,2,4,0.19,0.3,2088
D,3,3,0.14,0.2,2089
C,2,4,0.25,0.29,2090
A,4,4,0.17,0.19,2091
A,4,4,0.27,0.14,2092
D,5,4,0.24,0.23,2093
D,2,5,0.24,0.24,2094
D,5,4,0.21,0.25,2095
C,3,4,0.22,0.15,2096
B,4,4,0.26,0.25,2097
D,3,3,0.26,0.17,2098
D,3,5,0.29,0.16,2099
A,3,3,0.15,0.28,2100
B,3,4,0.18,0.2,2101
A,2,5,0.26,0.17,2102
A,2,4,0.2,0.11,2103
A,4,4,0.28,0.1,2104
D,4,5,0.29,0.29,2105
C,4,4,0.3,0.23,2106
B,5,5,0.2,0.19,2107
A,4,4,0.21,0.3,2108
A,5,5,0.22,0.19,2109
A,3,5,0.19,0.21,2110
D,3,4,0.29,0.14,2111
C,2,5,0.21,0.26,2112
A,5,5,0.27,0.28,2113
A,5,4,0.21,0.23,2114
B,3,3,0.19,0.18,2115
A,5,3,0.21,0.27,2116
B,3,4,0.12,0.23,2117
B,2,3,0.22,0.17,2118
C,2,4,0.27,0.29,2119
D,3,4,0.25,0.11,2120
C,2,3,0.22,0.29,2121
B,4,4,0.27,0.14,2122
B,4,5,0.2,0.2,2123
A,2,4,0.16,0.13,2124
C,2,5,0.18,0.29,2125
A,5,4,0.3,0.19,2126
D,4,4,0.28,0.23,2127
A,5,3,0.12,0.16,2128
A,5,5,0.16,0.13,2129
B,2,5,0.12,0.28,2130
B,3,3,0.2,0.26,2131
C,3,3,0.3,0.27,2132
A,5,5,0.17,0.27,2133
C,2,3,0.18,0.27,2134
A,5,5,0.29,0.12,2135
C,4,4,0.2,0.11,2136
A,2,3,0.22,0.18,2137
D,3,5,0.22,0.29,2138
B,3,4,0.12,0.27,2139
A,3,5,0.19,0.15,2140
C,2,3,0.26,0.12,2141
A,4,5,0.18,0.22,2142
B,5,3,0.28,0.28,2143
C,2,4,0.25,0.18,2144
D,2,3,0.17,0.21,2145
C,4,5,0.21,0.29,2146
B,5,5,0.12,0.12,2147
D,4,3,0.23,0.22,2148
B,3,3,0.13,0.3,2149
D,5,5,0.16,0.27,2150
C,4,5,0.2,0.18,2151
A,2,5,0.25,0.27,2152
A,2,5,0.11,0.19,2153
A,5,4,0.21,0.17,2154
D,5,4,0.16,0.25,2155
D,4,4,0.29,0.24,2156
C,4,4,0.18,0.11,2157
D,2,4,0.18,0.15,2158
C,5,5,0.21,0.25,2159
D,2,3,0.2,0.19,2160
C,4,3,0.22,0.26,2161
C,5,3,0.17,0.26,2162
B,5,5,0.26,0.25,2163
A,4,5,0.24,0.13,2164
A,5,4,0.18,0.21,2165
B,4,5,0.24,0.12,2166
B,3,4,0.17,0.28,2167
C,3,5,0.24,0.17,2168
A,3,3,0.29,0.17,2169
C,3,5,0.1,0.11,2170
B,2,4,0.25,0.2,2171
D,5,3,0.23,0.25,2172
D,2,5,0.24,0.17,2173
C,5,3,0.16,0.28,2174
B,2,3,0.2,0.13,2175
A,2,3,0.13,0.25,2176
B,3,4,0.24,0.29,2177
B,2,5,0.18,0.11,2178
A,2,3,0.14,0.12,2179
B,5,5,0.29,0.26,2180
D,4,4,0.27,0.13,2181
B,4,3,0.11,0.18,2182
D,4,5,0.13,0.18,2183
B,4,3,0.26,0.14,2184
C,4,3,0.27,0.16,2185
C,2,4,0.25,0.27,2186
D,5,4,0.27,0.2,2187
D,4,3,0.24,0.18,2188
D,4,4,0.12,0.13,2189
C,4,5,0.17,0.21,2190
C,2,4,0.16,0.22,2191
B,3,4,0.17,0.27,2192
C,5,3,0.16,0.22,2193
D,3,3,0.24,0.29,2194
D,4,4,0.24,0.28,2195
B,2,4,0.19,0.18,2196
B,3,4,0.25,0.25,2197
C,4,5,0.15,0.27,2198
A,5,3,0.19,0.15,2199
C,4,5,0.22,0.19,2200
B,3,3,0.24,0.14,2201
B,2,3,0.3,0.28,2202
A,2,3,0.24,0.17,2203
D,4,4,0.25,0.13,2204
B,2,5,0.22,0.3,2205
B,2,4,0.25,0.13,2206
D,4,5,0.17,0.27,2207
C,3,4,0.28,0.26,2208
C,5,5,0.12,0.1,2209
D,4,4,0.29,0.14,2210
D,2,5,0.28,0.3,2211
A,4,3,0.16,0.17,2212
D,2,4,0.27,0.12,2213
B,5,3,0.13,0.27,2214
C,2,3,0.14,0.15,2215
A,5,3,0.12,0.15,2216
C,2,3,0.23,0.27,2217
B,4,3,0.13,0.17,2218
A,5,3,0.24,0.17,2219
C,5,4,0.21,0.29,2220
B,4,3,0.2,0.13,2221
A,3,3,0.21,0.13,2222
A,3,3,0.2,0.29,2223
D,3,4,0.26,0.15,2224
B,4,5,0.19,0.14,2225
C,3,5,0.3,0.1,2226
D,3,4,0.22,0.13,2227
B,5,5,0.17,0.26,2228
A,5,5,0.15,0.2,2229
B,4,5,0.25,0.26,2230
B,3,5,0.19,0.11,2231
D,5,5,0.15,0.1,2232
A,3,3,0.19,0.22,2233
B,2,3,0.22,0.15,2234
D,5,3,0.17,0.18,2235
C,5,3,0.1,0.14,2236
B,2,3,0.11,0.21,2237
C,4,3,0.12,0.19,2238
C,2,5,0.1,0.28,2239
B,4,3,0.16,0.15,2240
D,2,4,0.12,0.17,2241
A,5,4,0.27,0.21,2242
A,4,4,0.11,0.28,2243
C,5,4,0.13,0.25,2244
A,4,5,0.21,0.25,2245
B,5,3,0.27,0.2,2246
A,5,3,0.21,0.29,2247
C,3,3,0.27,0.16,2248
B,5,4,0.26,0.29,2249
C,5,3,0.26,0.19,2250
B,3,4,0.18,0.15,2251
C,2,3,0.28,0.3,2252
B,4,3,0.21,0.27,2253
A,3,5,0.18,0.27,2254
A,3,4,0.13,0.27,2255
A,2,4,0.24,0.11,2256
D,2,4,0.18,0.24,2257
D,2,4,0.29,0.14,2258
D,2,3,0.25,0.12,2259
C,5,3,0.21,0.26,2260
C,2,4,0.11,0.24,2261
D,4,5,0.1,0.16,2262
B,4,4,0.2,0.14,2263
B,2,5,0.24,0.1,2264
B,2,3,0.28,0.23,2265
D,5,4,0.13,0.23,2266
B,2,4,0.21,0.2,2267
B,4,4,0.27,0.21,2268
A,5,4,0.27,0.22,2269
D,4,4,0.11,0.19,2270
B,4,4,0.27,0.29,2271
B,3,5,0.2,0.23,2272
A,2,4,0.2,0.27,2273
A,3,3,0.17,0.17,2274
A,4,4,0.22,0.29,2275
C,5,3,0.23,0.28,2276
A,4,3,0.13,0.15,2277
D,3,4,0.2,0.19,2278
C,3,4,0.23,0.11,2279
C,5,5,0.21,0.19,2280
D,3,4,0.29,0.11,2281
D,2,5,0.18,0.29,2282
B,2,3,0.17,0.16,2283
B,2,4,0.22,0.16,2284
A,3,4,0.17,0.2,2285
D,5,3,0.1,0.25,2286
A,2,3,0.18,0.25,2287
A,5,4,0.2,0.13,2288
C,5,5,0.14,0.15,2289
C,5,5,0.18,0.23,2290
C,3,5,0.12,0.2,2291
A,2,5,0.14,0.12,2292
B,2,5,0.19,0.25,2293
A,4,5,0.11,0.27,2294
B,5,4,0.16,0.28,2295
B,5,5,0.13,0.22,2296
D,3,3,0.1,0.17,2297
A,3,4,0.23,0.14,2298
D,3,4,0.24,0.19,2299
A,4,3,0.2,0.23,2300
C,5,4,0.12,0.28,2301
D,4,3,0.23,0.1,2302
B,4,5,0.19,0.17,2303
A,4,3,0.14,0.21,2304
C,3,5,0.2,0.22,2305
B,4,4,0.17,0.2,2306
C,3,3,0.24,0.12,2307
C,2,4,0.25,0.29,2308
D,3,3,0.13,0.16,2309
C,4,4,0.21,0.24,2310
C,5,5,0.2,0.28,2311
C,2,4,0.16,0.23,2312
C,2,5,0.29,0.28,2313
A,4,3,0.11,0.11,2314
B,3,5,0.21,0.13,2315
C,3,5,0.18,0.24,2316
D,5,4,0.24,0.12,2317
D,3,4,0.25,0.13,2318
D,5,5,0.17,0.17,2319
C,2,5,0.2,0.1,2320
B,2,5,0.25,0.27,2321
C,2,4,0.21,0.13,2322
C,2,4,0.26,0.2,2323
B,3,3,0.16,0.28,2324
A,5,4,0.24,0.24,2325
D,2,3,0.11,0.23,2326
B,3,5,0.14,0.12,2327
C,5,3,0.19,0.29,2328
C,3,5,0.27,0.15,2329
A,5,5,0.13,0.24,2330
B,4,5,0.25,0.16,2331
B,4,3,0.19,0.22,2332
C,3,3,0.11,0.16,2333
C,3,3,0.19,0.28,2334
D,4,5,0.14,0.22,2335
A,5,5,0.26,0.23,2336
B,4,5,0.24,0.17,2337
C,2,4,0.19,0.24,2338
A,5,5,0.21,0.13,2339
A,4,3,0.17,0.16,2340
A,4,4,0.11,0.23,2341
C,3,5,0.29,0.21,2342
D,5,4,0.18,0.24,2343
B,4,3,0.13,0.26,2344
D,5,4,0.26,0.25,2345
C,3,5,0.23,0.29,2346
C,2,3,0.26,0.14,2347
C,3,5,0.12,0.16,2348
B,4,4,0.1,0.2,2349
C,2,5,0.24,0.25,2350
A,3,3,0.28,0.12,2351
C,3,3,0.25,0.19,2352
B,4,3,0.24,0.27,2353
B,5,4,0.21,0.15,2354
B,4,3,0.26,0.25,2355
C,5,3,0.17,0.29,2356
A,4,4,0.19,0.22,2357
B,4,3,0.18,0.16,2358
C,5,4,0.12,0.13,2359
D,3,3,0.15,0.22,2360
C,3,4,0.25,0.25,2361
A,2,3,0.22,0.28,2362
A,3,5,0.1,0.14,2363
B,3,5,0.25,0.25,2364
C,5,3,0.26,0.27,2365
A,2,4,0.15,0.23,2366
B,2,3,0.26,0.3,2367
C,4,4,0.24,0.18,2368
B,3,5,0.21,0.16,2369
A,2,3,0.28,0.2,2370
A,5,3,0.19,0.26,2371
B,5,4,0.16,0.13,2372
A,4,3,0.21,0.29,2373
D,5,5,0.16,0.3,2374
D,5,3,0.29,0.22,2375
C,4,4,0.18,0.2,2376
A,3,5,0.29,0.28,2377
B,4,4,0.13,0.26,2378
B,4,3,0.12,0.28,2379
A,2,5,0.28,0.28,2380
A,4,5,0.28,0.25,2381
C,3,4,0.22,0.2,2382
A,2,3,0.22,0.29,2383
A,3,5,0.25,0.25,2384
D,5,3,0.11,0.11,2385
C,4,3,0.19,0.19,2386
C,4,4,0.15,0.17,2387
D,3,3,0.26,0.29,2388
C,5,4,0.19,0.24,2389
B,3,5,0.26,0.12,2390
B,3,4,0.25,0.13,2391
B,3,3,0.11,0.23,2392
D,2,4,0.21,0.21,2393
A,2,3,0.24,0.13,2394
D,3,4,0.21,0.28,2395
B,4,5,0.11,0.1,2396
D,3,4,0.1,0.16,2397
A,4,4,0.21,0.23,2398
C,5,4,0.12,0.27,2399
B,4,4,0.16,0.13,2400
A,5,3,0.19,0.16,2401
D,2,4,0.17,0.12,2402
C,4,5,0.25,0.17,2403
B,5,3,0.13,0.19,2404
A,3,5,0.27,0.14,2405
A,3,4,0.26,0.22,2406
C,5,3,0.22,0.2,2407
A,3,4,0.14,0.27,2408
C,2,4,0.18,0.13,2409
B,2,3,0.14,0.23,2410
A,4,5,0.28,0.15,2411
A,5,5,0.28,0.17,2412
B,3,4,0.25,0.24,2413
B,2,5,0.27,0.21,2414
B,5,4,0.12,0.27,2415
C,3,4,0.23,0.1,2416
C,5,5,0.21,0.23,2417
A,4,3,0.13,0.26,2418
D,2,5,0.3,0.16,2419
C,3,4,0.15,0.27,2420
B,2,3,0.15,0.12,2421
A,3,3,0.15,0.23,2422
B,4,3,0.13,0.16,2423
A,5,5,0.28,0.23,2424
D,3,3,0.27,0.17,2425
A,5,4,0.16,0.18,2426
B,4,5,0.16,0.23,2427
D,2,3,0.24,0.12,2428
C,2,4,0.15,0.14,2429
C,5,5,0.16,0.14,2430
B,2,3,0.26,0.22,2431
B,3,4,0.28,0.14,2432
B,3,3,0.2,0.21,2433
D,2,4,0.26,0.25,2434
A,3,5,0.14,0.21,2435
C,4,4,0.27,0.27,2436
D,2,3,0.28,0.13,2437
B,4,5,0.24,0.24,2438
D,2,4,0.21,0.22,2439
C,4,4,0.15,0.24,2440
B,2,5,0.11,0.12,2441
D,3,3,0.19,0.16,2442
B,3,5,0.15,0.11,2443
D,3,4,0.15,0.19,2444
C,3,3,0.29,0.27,2445
C,4,3,0.23,0.13,2446
D,2,3,0.13,0.28,2447
A,5,5,0.2,0.14,2448
A,3,4,0.18,0.3,2449
B,2,4,0.1,0.28,2450
A,3,5,0.11,0.28,2451
C,5,3,0.2,0.12,2452
C,5,5,0.28,0.13,2453
A,5,5,0.14,0.21,2454
D,4,5,0.15,0.13,2455
C,3,4,0.11,0.22,2456
C,4,5,0.29,0.21,2457
A,4,4,0.14,0.21,2458
C,5,5,0.14,0.19,2459
A,4,5,0.25,0.17,2460
C,4,3,0.23,0.27,2461
A,5,4,0.19,0.28,2462
A,2,3,0.18,0.19,2463
B,3,4,0.15,0.18,2464
B,4,3,0.21,0.18,2465
C,4,5,0.3,0.13,2466
C,3,3,0.23,0.29,2467
D,4,3,0.29,0.28,2468
B,3,5,0.23,0.23,2469
B,3,5,0.11,0.25,2470
B,3,4,0.16,0.11,2471
B,3,3,0.3,0.26,2472
D,5,3,0.22,0.18,2473
D,4,3,0.11,0.16,2474
C,2,5,0.25,0.28,2475
D,4,5,0.13,0.18,2476
B,2,3,0.12,0.24,2477
D,4,3,0.16,0.19,2478
D,4,3,0.15,0.19,2479
B,4,4,0.18,0.24,2480
D,2,5,0.19,0.17,2481
C,4,5,0.26,0.23,2482
C,5,3,0.1,0.3,2483
B,2,5,0.26,0.19,2484
D,4,5,0.19,0.28,2485
A,5,5,0.17,0.11,2486
D,3,5,0.14,0.18,2487
C,2,4,0.21,0.15,2488
B,3,5,0.28,0.17,2489
D,3,4,0.19,0.28,2490
C,3,4,0.12,0.28,2491
C,2,4,0.27,0.1,2492
B,2,4,0.27,0.19,2493
A,3,3,0.18,0.18,2494
A,4,5,0.28,0.2,2495
D,2,5,0.12,0.24,2496
D,2,4,0.25,0.25,2497
C,2,3,0.18,0.23,2498
A,3,5,0.14,0.18,2499
C,5,5,0.18,0.14,2500
B,2,5,0.27,0.14,2501
D,3,4,0.11,0.27,2502
D,3,4,0.16,0.28,2503
D,4,4,0.22,0.22,2504
A,5,3,0.24,0.15,2505
A,3,5,0.15,0.19,2506
D,5,5,0.29,0.19,2507
D,2,4,0.27,0.29,2508
B,3,4,0.12,0.1,2509
A,5,5,0.15,0.22,2510
B,5,4,0.14,0.27,2511
B,3,5,0.28,0.24,2512
C,4,5,0.29,0.16,2513
C,4,5,0.21,0.14,2514
A,2,5,0.27,0.12,2515
C,4,4,0.22,0.21,2516
C,2,5,0.2,0.24,2517
B,5,4,0.2,0.16,2518
C,4,5,0.27,0.24,2519
A,2,4,0.11,0.17,2520
B,5,4,0.25,0.27,2521
C,5,3,0.19,0.29,2522
D,3,5,0.14,0.18,2523
D,3,3,0.26,0.13,2524
D,4,5,0.18,0.11,2525
D,2,3,0.27,0.12,2526
D,2,4,0.17,0.22,2527
D,5,5,0.29,0.29,2528
A,4,4,0.11,0.27,2529
C,5,5,0.22,0.27,2530
B,5,5,0.2,0.18,2531
A,5,3,0.24,0.14,2532
C,2,3,0.28,0.15,2533
B,3,5,0.13,0.14,2534
C,2,4,0.12,0.29,2535
C,5,4,0.19,0.24,2536
B,5,4,0.26,0.24,2537
D,2,3,0.23,0.22,2538
C,4,4,0.14,0.29,2539
D,5,4,0.25,0.12,2540
A,5,4,0.18,0.13,2541
D,3,5,0.19,0.29,2542
D,3,4,0.11,0.13,2543
C,4,5,0.2,0.14,2544
A,4,3,0.11,0.17,2545
B,4,3,0.21,0.11,2546
D,5,5,0.16,0.26,2547
C,4,5,0.13,0.1,2548
B,4,3,0.12,0.13,2549
C,5,4,0.16,0.14,2550
A,5,5,0.22,0.14,2551
C,3,4,0.23,0.12,2552
D,2,4,0.27,0.18,2553
A,3,5,0.1,0.12,2554
A,3,4,0.19,0.17,2555
C,3,3,0.1,0.24,2556
C,4,4,0.28,0.13,2557
D,2,3,0.18,0.15,2558
C,3,4,0.27,0.16,2559
D,4,4,0.3,0.17,2560
D,2,3,0.26,0.28,2561
B,4,4,0.27,0.12,2562
A,3,5,0.21,0.17,2563
B,5,5,0.18,0.18,2564
D,5,4,0.28,0.22,2565
B,3,3,0.29,0.3,2566
A,5,3,0.22,0.17,2567
A,2,5,0.27,0.27,2568
A,3,4,0.23,0.27,2569
C,2,3,0.24,0.12,2570
A,5,3,0.19,0.14,2571
A,3,5,0.25,0.14,2572
C,2,4,0.13,0.27,2573
D,4,5,0.24,0.29,2574
D,5,4,0.17,0.19,2575
A,2,4,0.25,0.14,2576
C,4,3,0.29,0.18,2577
B,5,3,0.28,0.24,2578
D,5,5,0.21,0.28,2579
A,4,4,0.18,0.16,2580
C,2,5,0.22,0.16,2581
A,4,4,0.22,0.11,2582
A,2,4,0.16,0.16,2583
C,4,4,0.13,0.29,2584
A,4,4,0.11,0.28,2585
A,4,4,0.2,0.26,2586
A,2,3,0.3,0.18,2587
C,3,4,0.23,0.19,2588
A,5,4,0.12,0.29,2589
A,3,4,0.16,0.27,2590
B,3,3,0.28,0.14,2591
A,4,5,0.29,0.18,2592
B,2,3,0.21,0.22,2593
A,2,5,0.15,0.29,2594
C,2,5,0.14,0.2,2595
C,3,5,0.17,0.12,2596
B,2,3,0.28,0.17,2597
B,5,3,0.18,0.26,2598
D,5,3,0.25,0.19,2599
A,3,4,0.18,0.23,2600
B,4,5,0.21,0.29,2601
C,5,3,0.12,0.12,2602
C,2,5,0.16,0.18,2603
A,4,5,0.14,0.15,2604
D,2,4,0.29,0.19,2605
D,3,4,0.22,0.29,2606
A,2,3,0.19,0.15,2607
D,5,5,0.23,0.22,2608
A,2,5,0.23,0.19,2609
C,2,4,0.14,0.1,2610
C,3,3,0.16,0.26,2611
A,5,3,0.17,0.15,2612
B,5,4,0.2,0.27,2613
C,3,5,0.28,0.25,2614
D,2,3,0.17,0.23,2615
D,4,4,0.29,0.2,2616
C,3,4,0.27,0.16,2617
B,4,5,0.25,0.22,2618
B,3,3,0.23,0.11,2619
A,4,4,0.22,0.19,2620
B,2,3,0.3,0.12,2621
C,5,5,0.22,0.3,2622
C,3,4,0.27,0.15,2623
C,2,5,0.24,0.18,2624
D,2,5,0.12,0.21,2625
C,5,3,0.18,0.27,2626
C,2,5,0.23,0.23,2627
D,2,3,0.18,0.27,2628
B,5,5,0.21,0.12,2629
B,5,3,0.2,0.15,2630
D,4,5,0.14,0.17,2631
D,3,3,0.22,0.16,2632
D,5,3,0.2,0.27,2633
C,4,4,0.15,0.2,2634
C,2,4,0.18,0.27,2635
C,4,3,0.13,0.2,2636
D,5,5,0.19,0.19,2637
A,5,3,0.27,0.17,2638
D,2,4,0.14,0.16,2639
C,3,3,0.2,0.18,2640
A,5,3,0.19,0.16,2641
A,4,4,0.29,0.3,2642
D,5,4,0.14,0.29,2643
A,3,5,0.23,0.22,2644
C,4,4,0.28,0.21,2645
B,3,5,0.16,0.24,2646
C,3,4,0.16,0.1,2647
B,5,3,0.24,0.15,2648
B,5,5,0.14,0.25,2649
A,3,4,0.2,0.24,2650
C,2,5,0.26,0.14,2651
D,5,4,0.26,0.17,2652
D,3,4,0.24,0.13,2653
C,5,4,0.22,0.11,2654
B,3,5,0.19,0.14,2655
D,3,5,0.2,0.15,2656
A,2,3,0.15,0.28,2657
C,5,3,0.17,0.29,2658
B,2,5,0.22,0.29,2659
A,3,4,0.13,0.28,2660
B,2,3,0.18,0.28,2661
A,3,5,0.21,0.25,2662
B,4,4,0.27,0.15,2663
B,4,4,0.27,0.11,2664
A,5,5,0.1,0.2,2665
C,2,4,0.16,0.29,2666
C,3,3,0.29,0.23,2667
C,4,4,0.11,0.21,2668
D,3,4,0.26,0.1,2669
D,2,3,0.17,0.21,2670
B,5,3,0.3,0.3,2671
A,4,5,0.3,0.28,2672
B,5,3,0.12,0.11,2673
A,3,3,0.21,0.24,2674
C,3,5,0.28,0.18,2675
C,2,3,0.12,0.19,2676
C,2,4,0.16,0.29,2677
B,4,5,0.1,0.12,2678
B,4,4,0.25,0.25,2679
D,3,4,0.26,0.13,2680
D,3,4,0.24,0.16,2681
B,5,5,0.29,0.17,2682
D,2,5,0.11,0.21,2683
D,5,5,0.12,0.3,2684
C,4,5,0.22,0.1,2685
C,4,3,0.2,0.23,2686
B,5,5,0.15,0.29,2687
C,3,4,0.14,0.13,2688
D,5,5,0.28,0.28,2689
B,5,4,0.18,0.15,2690
D,5,3,0.18,0.12,2691
C,2,3,0.24,0.29,2692
D,2,4,0.12,0.16,2693
C,4,3,0.25,0.12,2694
B,5,5,0.16,0.17,2695
C,5,5,0.25,0.25,2696
B,2,5,0.15,0.28,2697
A,5,3,0.22,0.18,2698
B,4,4,0.13,0.25,2699
D,4,5,0.18,0.13,2700
D,4,5,0.26,0.26,2701
C,5,5,0.17,0.24,2702
B,5,3,0.14,0.11,2703
C,3,3,0.19,0.26,2704
C,5,5,0.13,0.2,2705
A,5,3,0.22,0.15,2706
D,4,3,0.28,0.2,2707
D,3,3,0.2,0.19,2708
C,4,3,0.25,0.14,2709
D,2,5,0.3,0.22,2710
C,5,5,0.26,0.25,2711
A,2,4,0.28,0.13,2712
B,4,3,0.1,0.21,2713
D,5,4,0.11,0.11,2714
D,5,3,0.22,0.16,2715
A,3,3,0.27,0.2,2716
C,2,4,0.15,0.25,2717
D,4,3,0.11,0.13,2718
A,4,3,0.3,0.28,2719
C,4,5,0.22,0.3,2720
D,4,3,0.23,0.21,2721
D,5,3,0.17,0.21,2722
B,2,3,0.2,0.1,2723
B,2,4,0.24,0.26,2724
D,3,4,0.13,0.22,2725
B,5,3,0.27,0.28,2726
C,5,4,0.18,0.2,2727
C,5,5,0.19,0.18,2728
D,5,4,0.24,0.11,2729
A,5,3,0.14,0.17,2730
A,5,4,0.19,0.13,2731
A,5,3,0.15,0.28,2732
D,5,4,0.23,0.27,2733
A,2,4,0.16,0.19,2734
C,2,5,0.16,0.13,2735
A,2,3,0.11,0.13,2736
C,2,4,0.28,0.18,2737
C,2,3,0.19,0.25,2738
D,2,4,0.24,0.17,2739
A,5,5,0.11,0.3,2740
C,2,3,0.18,0.22,2741
C,2,3,0.19,0.18,2742
C,4,5,0.16,0.27,2743
A,5,5,0.18,0.14,2744
B,4,3,0.18,0.12,2745
B,2,3,0.13,0.21,2746
A,3,5,0.15,0.3,2747
B,3,3,0.18,0.19,2748
B,2,5,0.28,0.28,2749
C,5,4,0.1,0.27,2750
D,5,4,0.12,0.19,2751
D,2,4,0.29,0.21,2752
B,4,5,0.12,0.14,2753
B,5,4,0.29,0.15,2754
B,4,5,0.14,0.12,2755
C,5,4,0.2,0.11,2756
C,2,4,0.12,0.26,2757
C,2,4,0.27,0.23,2758
A,3,5,0.29,0.26,2759
C,4,3,0.23,0.18,2760
B,4,3,0.15,0.23,2761
C,3,5,0.2,0.2,2762
D,3,4,0.29,0.28,2763
C,5,5,0.18,0.15,2764
A,2,3,0.28,0.13,2765
A,2,3,0.24,0.17,2766
B,3,4,0.17,0.3,2767
D,4,3,0.22,0.12,2768
C,2,4,0.28,0.11,2769
D,4,5,0.21,0.16,2770
B,2,5,0.27,0.23,2771
C,5,5,0.21,0.26,2772
B,4,3,0.17,0.16,2773
D,4,5,0.25,0.3,2774
A,3,4,0.2,0.23,2775
A,5,4,0.16,0.17,2776
C,3,3,0.26,0.2,2777
D,5,3,0.2,0.24,2778
D,4,3,0.26,0.29,2779
B,4,3,0.21,0.29,2780
D,5,5,0.15,0.29,2781
C,2,4,0.29,0.18,2782
A,5,5,0.25,0.21,2783
A,5,4,0.21,0.2,2784
A,2,5,0.21,0.25,2785
A,3,3,0.1,0.14,2786
A,3,3,0.1,0.19,2787
D,4,4,0.13,0.27,2788
D,3,4,0.2,0.21,2789
C,5,4,0.28,0.11,2790
A,2,4,0.24,0.22,2791
C,2,3,0.22,0.12,2792
A,2,3,0.13,0.3,2793
A,2,5,0.11,0.16,2794
A,4,5,0.26,0.19,2795
C,5,3,0.11,0.13,2796
B,5,4,0.3,0.1,2797
D,2,5,0.15,0.2,2798
B,4,3,0.19,0.17,2799
C,2,5,0.2,0.23,2800
C,5,4,0.21,0.27,2801
D,4,3,0.23,0.29,2802
A,4,4,0.24,0.15,2803
C,2,5,0.19,0.24,2804
D,2,5,0.12,0.13,2805
D,3,4,0.25,0.16,2806
D,3,3,0.1,0.28,2807
C,4,3,0.12,0.15,2808
A,2,3,0.17,0.23,2809
C,5,4,0.16,0.27,2810
D,2,4,0.28,0.15,2811
C,2,5,0.13,0.13,2812
D,5,4,0.18,0.16,2813
D,4,5,0.16,0.21,2814
A,4,3,0.17,0.22,2815
C,2,3,0.19,0.15,2816
C,2,3,0.18,0.18,2817
A,4,4,0.21,0.26,2818
A,3,3,0.12,0.26,2819
B,3,4,0.15,0.14,2820
C,2,4,0.14,0.3,2821
C,5,5,0.15,0.21,2822
C,5,4,0.27,0.15,2823
A,3,5,0.25,0.27,2824
C,3,3,0.18,0.27,2825
A,5,4,0.23,0.11,2826
B,2,3,0.23,0.29,2827
C,4,3,0.1,0.11,2828
B,2,3,0.15,0.18,2829
A,4,3,0.11,0.2,2830
A,4,3,0.21,0.15,2831
C,4,5,0.14,0.18,2832
D,2,5,0.27,0.14,2833
D,2,5,0.29,0.24,2834
B,3,3,0.26,0.22,2835
C,5,4,0.19,0.21,2836
C,5,5,0.12,0.11,2837
A,4,3,0.26,0.24,2838
D,2,3,0.27,0.19,2839
C,2,5,0.12,0.16,2840
C,3,4,0.18,0.11,2841
B,4,4,0.29,0.28,2842
A,4,4,0.25,0.26,2843
A,4,4,0.23,0.28,2844
C,3,5,0.16,0.24,2845
D,2,3,0.2,0.15,2846
C,4,3,0.16,0.12,2847
A,4,3,0.12,0.29,2848
A,4,5,0.24,0.23,2849
D,4,5,0.2,0.24,2850
B,5,3,0.29,0.29,2851
C,2,4,0.13,0.28,2852
D,2,3,0.17,0.24,2853
D,3,5,0.21,0.12,2854
C,3,4,0.2,0.27,2855
C,4,3,0.21,0.15,2856
D,5,5,0.15,0.13,2857
B,2,5,0.27,0.17,2858
B,4,4,0.27,0.27,2859
A,4,5,0.16,0.2,2860
C,3,5,0.21,0.26,2861
D,4,4,0.16,0.26,2862
D,4,4,0.25,0.16,2863
A,4,4,0.28,0.13,2864
A,2,4,0.24,0.29,2865
C,3,4,0.12,0.21,2866
B,5,3,0.22,0.15,2867
A,2,3,0.24,0.15,2868
C,2,5,0.19,0.14,2869
B,3,3,0.19,0.29,2870
A,5,4,0.29,0.28,2871
C,4,3,0.14,0.25,2872
C,3,4,0.14,0.22,2873
D,5,4,0.11,0.23,2874
A,4,4,0.28,0.18,2875
C,2,5,0.17,0.11,2876
B,2,3,0.16,0.21,2877
B,4,5,0.13,0.28,2878
A,2,5,0.2,0.18,2879
B,3,3,0.15,0.2,2880
A,5,5,0.23,0.12,2881
B,3,5,0.28,0.17,2882
A,5,3,0.27,0.29,2883
D,4,3,0.12,0.21,2884
A,4,3,0.24,0.12,2885
D,5,4,0.15,0.11,2886
C,2,4,0.26,0.17,2887
B,4,3,0.13,0.27,2888
A,5,5,0.2,0.13,2889
D,5,4,0.23,0.11,2890
A,2,4,0.12,0.22,2891
A,4,5,0.29,0.29,2892
B,5,3,0.28,0.21,2893
C,5,3,0.21,0.3,2894
A,3,4,0.15,0.18,2895
C,4,4,0.23,0.29,2896
A,3,5,0.21,0.18,2897
D,4,4,0.25,0.15,2898
C,4,5,0.17,0.14,2899
D,2,3,0.26,0.1,2900
A,2,3,0.23,0.14,2901
B,2,3,0.14,0.17,2902
D,4,5,0.14,0.14,2903
C,5,4,0.14,0.26,2904
B,3,4,0.16,0.21,2905
B,3,5,0.29,0.21,2906
B,5,3,0.25,0.15,2907
A,3,3,0.24,0.19,2908
D,2,3,0.19,0.1,2909
A,2,5,0.14,0.18,2910
B,3,3,0.21,0.28,2911
A,3,3,0.17,0.22,2912
B,5,3,0.12,0.11,2913
C,5,4,0.27,0.15,2914
C,2,5,0.15,0.16,2915
C,5,4,0.25,0.14,2916
C,3,5,0.27,0.29,2917
D,5,5,0.23,0.12,2918
B,4,3,0.29,0.29,2919
A,5,3,0.17,0.29,2920
B,5,3,0.21,0.25,2921
D,2,4,0.17,0.11,2922
D,2,5,0.26,0.27,2923
C,5,4,0.27,0.13,2924
B,5,5,0.12,0.15,2925
A,4,3,0.13,0.23,2926
D,3,3,0.24,0.14,2927
C,2,3,0.23,0.2,2928
A,4,5,0.15,0.19,2929
C,3,3,0.29,0.29,2930
C,4,5,0.28,0.12,2931
A,4,3,0.25,0.24,2932
A,2,5,0.11,0.11,2933
B,4,4,0.28,0.26,2934
B,3,4,0.25,0.17,2935
C,5,3,0.15,0.15,2936
B,2,4,0.11,0.23,2937
B,4,3,0.16,0.15,2938
D,5,5,0.18,0.16,2939
C,4,3,0.24,0.14,2940
C,2,4,0.12,0.27,2941
A,3,4,0.19,0.28,2942
A,3,3,0.23,0.2,2943
D,4,5,0.19,0.24,2944
A,4,5,0.12,0.23,2945
A,2,5,0.25,0.15,2946
D,3,3,0.15,0.17,2947
B,5,5,0.25,0.28,2948
B,4,3,0.14,0.17,2949
A,3,5,0.21,0.12,2950
B,2,4,0.26,0.29,2951
D,3,3,0.29,0.28,2952
C,3,4,0.18,0.2,2953
D,2,5,0.14,0.17,2954
C,4,4,0.3,0.24,2955
A,2,5,0.27,0.22,2956
B,2,3,0.13,0.24,2957
C,3,3,0.2,0.19,2958
B,2,5,0.12,0.29,2959
C,5,5,0.13,0.23,2960
B,2,3,0.2,0.19,2961
D,4,3,0.3,0.15,2962
D,2,5,0.23,0.27,2963
C,4,3,0.24,0.29,2964
A,2,3,0.28,0.11,2965
D,4,5,0.22,0.24,2966
B,5,4,0.21,0.27,2967
A,2,4,0.11,0.24,2968
D,3,4,0.22,0.27,2969
C,2,5,0.25,0.17,2970
C,3,3,0.25,0.11,2971
B,3,5,0.22,0.28,2972
C,3,5,0.21,0.24,2973
C,3,4,0.28,0.11,2974
A,3,5,0.15,0.14,2975
D,5,4,0.17,0.27,2976
D,5,5,0.2,0.2,2977
D,3,4,0.13,0.21,2978
C,3,4,0.26,0.19,2979
B,3,3,0.22,0.18,2980
B,2,5,0.29,0.15,2981
A,4,4,0.23,0.23,2982
B,4,3,0.11,0.21,2983
C,4,4,0.12,0.17,2984
A,5,4,0.17,0.26,2985
C,3,5,0.27,0.23,2986
B,3,4,0.12,0.13,2987
B,4,5,0.15,0.18,2988
B,4,3,0.13,0.28,2989
D,2,5,0.29,0.23,2990
C,5,4,0.24,0.17,2991
D,2,4,0.21,0.13,2992
C,3,5,0.21,0.27,2993
C,5,5,0.28,0.12,2994
B,4,4,0.24,0.15,2995
A,3,4,0.15,0.26,2996
D,4,5,0.22,0.26,2997
B,2,3,0.23,0.1,2998
D,3,5,0.25,0.19,2999
